,tag_1,tag_2,tag_3,tag_4,tag_5,tag_6
cell_1,5,43,752,2,17,25
cell_2,32,14,23,7,14,626
cell_3,8,15,1174,1,9,31
cell_4,26,1519,41,56,24,38
cell_5,37,362,38,33,12,30
cell_6,7,19,2084,8,9,17
cell_7,12,663,5,22,7,21
cell_8,39,10,23,49,1886,29
cell_9,9,15,17,78,17,1056
cell_10,29,8,37,13,384,30
cell_11,6,12,564,3,14,16
cell_12,6,3230,28,15,79,8
cell_13,33,13,12,51,21,14
cell_14,16,4,17,4,1239,86
cell_15,12,22,1004,1,12,33
cell_16,7,1492,80,8,45,6
cell_17,11,22,15,20,11,50
cell_18,1795,21,11,6,33,13
cell_19,4,22,68,30,921,12
cell_20,955,33,17,37,20,23
cell_21,13,16,12,6,28,525
cell_22,18,15,12,31,1535,773
cell_23,6,38,29,7,32,1115
cell_24,3,17,2,20,3,1131
cell_25,26,17,3,632,819,6
cell_26,24,39,11,29,274,18
cell_27,20,6,53,8,21,1364
cell_28,40,1196,24,53,33,5
cell_29,330,7,4,11,34,3
cell_30,1885,19,31,92,28,4
cell_31,12,11,1493,61,11,10
cell_32,1307,12,38,10,15,13
cell_33,30,24,23,523,528,17
cell_34,5,6,9,716,18,26
cell_35,58,880,5,7,40,4
cell_36,30,28,10,21,8,22
cell_37,18,12,307,8,24,11
cell_38,7,1024,11,2,9,35
cell_39,14,1337,16,12,21,15
cell_40,5,11,14,42,960,25
cell_41,3,17,741,13,17,12
cell_42,1290,24,3,55,13,28
cell_43,8,13,8,3,382,12
cell_44,10,32,29,1452,24,10
cell_45,12,49,1324,3,44,3
cell_46,8,534,28,5,6,25
cell_47,14,705,26,35,15,37
cell_48,25,12,10,1108,11,36
cell_49,6,36,833,9,23,6
cell_50,17,7,8,10,856,2
cell_51,35,21,13,1980,28,21
cell_52,750,2,23,4,19,1069
cell_53,585,12,39,13,7,24
cell_54,79,14,2099,17,8,22
cell_55,14,14,548,11,22,37
cell_56,28,708,70,28,30,4
cell_57,0,14,643,2,8,5
cell_58,916,13,27,3,35,19
cell_59,4,934,19,43,10,22
cell_60,923,5,356,39,30,3
cell_61,32,13,3,1353,36,16
cell_62,12,28,6,12,29,1775
cell_63,15,2,10,59,20,29
cell_64,17,12,8,1129,7,12
cell_65,18,23,16,11,42,6
cell_66,1,1992,24,63,13,20
cell_67,4,14,16,9,23,6
cell_68,643,2,27,10,47,20
cell_69,39,26,32,5,10,696
cell_70,21,30,3,28,8,673
cell_71,7,24,14,1697,29,16
cell_72,19,1203,25,16,33,13
cell_73,50,798,7,9,30,34
cell_74,12,18,13,3,708,79
cell_75,9,1194,21,10,12,6
cell_76,5,70,1782,28,8,43
cell_77,20,756,12,15,9,15
cell_78,23,33,32,733,18,18
cell_79,36,23,38,0,18,902
cell_80,29,17,19,1346,25,36
cell_81,19,28,4,9,37,790
cell_82,21,61,31,1246,51,19
cell_83,16,7,19,909,52,13
cell_84,26,444,13,19,13,15
cell_85,50,29,23,1342,7,18
cell_86,13,13,984,4,21,0
cell_87,23,23,16,48,45,1144
cell_88,894,74,28,43,50,1
cell_89,46,502,23,8,7,12
cell_90,13,6,18,756,14,2
cell_91,13,42,61,9,14,1035
cell_92,0,40,17,695,9,7
cell_93,19,4,5,9,22,372
cell_94,24,1,7,9,45,29
cell_95,19,337,30,18,30,11
cell_96,15,47,1346,12,13,1
cell_97,37,23,1796,38,8,47
cell_98,29,1172,5,4,37,3
cell_99,14,12,29,25,15,1848
cell_100,864,23,32,22,39,24
cell_101,967,17,48,36,27,1756
cell_102,20,32,42,53,1063,14
cell_103,21,19,23,3,11,894
cell_104,16,14,33,11,6,752
cell_105,1365,10,22,15,16,51
cell_106,23,38,4,13,16,33
cell_107,34,40,28,23,80,826
cell_108,21,1008,32,45,51,24
cell_109,24,5,4,6,44,1278
cell_110,5,786,28,26,9,52
cell_111,45,6,926,8,8,15
cell_112,6,2,22,2,805,1207
cell_113,9,15,13,32,397,38
cell_114,56,1110,21,29,22,43
cell_115,830,29,5,4,10,31
cell_116,7,12,8,6,501,26
cell_117,61,36,8,454,35,12
cell_118,1,38,14,7,1164,24
cell_119,12,14,398,11,58,43
cell_120,1040,35,52,19,27,5
cell_121,53,22,19,19,497,12
cell_122,1185,5,7,13,7,5
cell_123,13,902,1130,11,10,17
cell_124,7,15,11,41,1023,4
cell_125,987,6,12,5,25,47
cell_126,1521,10,2,701,32,12
cell_127,757,857,36,14,16,11
cell_128,21,18,26,9,635,9
cell_129,8,23,7,28,35,32
cell_130,17,698,66,7,65,51
cell_131,4,2,10,36,17,417
cell_132,2607,16,8,39,66,7
cell_133,22,28,20,2062,15,34
cell_134,47,6,4,16,19,44
cell_135,1418,28,18,9,11,6
cell_136,578,9,11,11,85,12
cell_137,36,34,814,14,48,5
cell_138,16,10,14,72,1306,12
cell_139,58,11,908,5,12,23
cell_140,22,932,15,37,2,15
cell_141,9,16,22,3,16,605
cell_142,12,16,11,1179,10,20
cell_143,29,8,9,8,1116,11
cell_144,51,954,42,12,39,21
cell_145,8,16,6,28,1862,35
cell_146,34,543,7,22,6,17
cell_147,31,25,1776,13,9,14
cell_148,28,34,929,13,26,17
cell_149,36,25,460,18,48,30
cell_150,12,10,22,7,19,70
cell_151,701,5,821,50,13,33
cell_152,16,19,440,18,14,4
cell_153,1,8,7,15,2,13
cell_154,28,1112,5,31,12,12
cell_155,12,1103,20,7,8,2
cell_156,37,45,16,18,1319,24
cell_157,895,23,55,12,9,1
cell_158,20,18,28,1038,6,8
cell_159,13,12,61,18,39,15
cell_160,61,1974,25,21,12,28
cell_161,9,19,1654,0,13,20
cell_162,62,41,9,10,38,2213
cell_163,41,7,8,7,1,817
cell_164,10,13,13,12,8,29
cell_165,2,17,350,31,4,16
cell_166,11,474,14,10,17,2
cell_167,614,13,23,10,21,23
cell_168,45,1114,21,11,20,25
cell_169,7,2,39,36,7,424
cell_170,53,11,1780,17,18,16
cell_171,17,709,12,16,15,115
cell_172,47,12,562,6,21,20
cell_173,910,30,11,17,17,55
cell_174,11,2,875,29,8,33
cell_175,30,35,28,33,20,18
cell_176,6,28,50,12,21,506
cell_177,962,14,29,43,28,11
cell_178,32,445,31,14,41,6
cell_179,10,30,697,69,15,34
cell_180,78,5,43,1171,4,42
cell_181,8,38,36,2570,26,79
cell_182,14,13,11,3,47,992
cell_183,15,37,6,25,91,1295
cell_184,19,4,18,19,2,711
cell_185,9,8,5,10,27,1491
cell_186,10,10,928,14,5,7
cell_187,62,642,10,3,54,19
cell_188,24,10,19,4,934,20
cell_189,565,7,10,8,26,519
cell_190,21,1034,16,17,25,29
cell_191,29,459,40,13,44,75
cell_192,48,18,23,780,24,2
cell_193,8,9,13,21,552,7
cell_194,23,11,829,35,13,18
cell_195,8,1645,13,16,28,7
cell_196,18,3,897,46,36,5
cell_197,12,10,4,1482,836,51
cell_198,8,4,2,24,16,2
cell_199,703,41,16,15,23,22
cell_200,45,30,33,656,14,5
cell_201,56,4,1,1,1532,9
cell_202,26,18,1037,5,3,23
cell_203,1,6,21,43,6,447
cell_204,1,1022,25,15,3,1799
cell_205,23,10,27,5,4,606
cell_206,15,0,356,27,18,10
cell_207,3,9,1695,37,2,11
cell_208,9,1564,9,9,42,20
cell_209,17,0,14,15,29,1125
cell_210,12,7,22,24,31,834
cell_211,25,1036,19,45,9,32
cell_212,17,1002,8,23,398,47
cell_213,5,18,991,15,23,24
cell_214,4,11,1659,15,27,3
cell_215,55,11,732,13,15,8
cell_216,53,8,10,1191,27,39
cell_217,9,6,5,15,729,3
cell_218,23,18,28,2204,6,47
cell_219,41,1162,13,15,3,4
cell_220,28,29,853,18,27,10
cell_221,168,15,18,6,8,9
cell_222,21,18,26,1189,5,12
cell_223,19,4,0,1089,11,22
cell_224,39,6,17,10,0,1263
cell_225,18,11,2,3,14,997
cell_226,13,19,1678,8,26,14
cell_227,1462,8,14,2483,23,11
cell_228,1141,8,531,45,8,4
cell_229,16,1507,26,12,13,4
cell_230,12,12,1,942,11,4
cell_231,651,23,14,36,19,5
cell_232,1380,10,19,14,5,2
cell_233,36,6,52,16,45,929
cell_234,8,946,4,24,6,8
cell_235,1386,22,31,14,9,1286
cell_236,42,4,20,8,1367,45
cell_237,5,36,1478,68,27,14
cell_238,31,472,8,48,41,17
cell_239,9,17,39,317,17,23
cell_240,522,7,39,25,22,5
cell_241,22,1547,19,100,25,82
cell_242,226,13,39,36,62,22
cell_243,20,709,28,13,5,33
cell_244,512,20,9,27,26,16
cell_245,839,37,14,16,8,19
cell_246,28,1,34,4,17,971
cell_247,836,1,42,5,7,40
cell_248,1249,5,33,30,6,6
cell_249,18,5,23,768,28,17
cell_250,7,12,13,20,696,8
cell_251,49,946,27,8,2,1053
cell_252,3,740,8,24,8,66
cell_253,45,247,13,13,59,10
cell_254,32,263,16,0,8,21
cell_255,9,16,42,50,508,12
cell_256,14,19,42,5,11,882
cell_257,33,20,4,4,574,1
cell_258,62,13,2,46,375,19
cell_259,19,40,4,20,430,33
cell_260,9,24,15,13,23,1241
cell_261,6,39,11,50,1438,45
cell_262,28,12,1,1234,9,6
cell_263,33,7,1664,28,11,29
cell_264,36,25,55,1,866,7
cell_265,25,18,4,17,41,928
cell_266,1424,20,31,10,16,4
cell_267,14,5,27,5,1879,35
cell_268,3,20,919,0,23,11
cell_269,7,12,283,7,2,24
cell_270,39,13,6,8,14,207
cell_271,2398,4,27,26,6,16
cell_272,24,33,12,27,1261,26
cell_273,56,21,30,993,27,16
cell_274,20,15,28,12,746,15
cell_275,25,18,7,3,16,25
cell_276,819,35,11,13,35,74
cell_277,2173,8,44,37,768,5
cell_278,10,848,13,41,8,21
cell_279,27,26,14,31,368,36
cell_280,27,26,8,19,1183,8
cell_281,5,50,6,13,1007,18
cell_282,6,12,5,30,37,1088
cell_283,44,6,11,835,27,40
cell_284,56,10,9,16,47,517
cell_285,734,3,15,15,11,21
cell_286,888,22,47,833,34,16
cell_287,49,6,8,8,412,19
cell_288,758,35,15,12,49,32
cell_289,15,19,1417,27,31,13
cell_290,20,1171,30,33,15,36
cell_291,16,17,1307,11,23,15
cell_292,9,15,12,20,5,2453
cell_293,1048,33,8,1,26,2
cell_294,1029,11,33,19,18,57
cell_295,42,19,14,17,25,875
cell_296,19,55,688,26,76,14
cell_297,25,26,17,16,6,1966
cell_298,15,14,106,35,21,808
cell_299,36,2306,1,8,48,24
cell_300,363,17,31,32,4,4
cell_301,5,18,728,44,10,20
cell_302,6,17,4,1231,22,13
cell_303,12,7,1539,28,52,18
cell_304,27,1040,24,28,24,5
cell_305,65,20,2,1269,27,7
cell_306,24,1,32,13,32,577
cell_307,15,24,1043,21,6,22
cell_308,12,14,1089,31,27,14
cell_309,14,628,6,19,13,32
cell_310,746,14,23,19,16,15
cell_311,14,22,20,1643,58,21
cell_312,1021,54,16,43,59,24
cell_313,15,25,20,853,16,23
cell_314,4,1060,35,20,29,44
cell_315,1,13,811,35,25,18
cell_316,9,27,14,11,23,1395
cell_317,1342,11,40,44,9,440
cell_318,13,437,0,23,392,27
cell_319,984,6,18,11,15,31
cell_320,5,23,14,5,7,12
cell_321,8,1282,16,13,21,14
cell_322,24,1611,5,14,44,4
cell_323,18,8,16,11,978,42
cell_324,7,12,12,4,587,21
cell_325,25,8,434,1,16,15
cell_326,10,17,20,24,485,15
cell_327,24,5,17,8,493,20
cell_328,28,49,57,377,34,2
cell_329,16,1793,52,31,9,1235
cell_330,9,10,13,2034,5,13
cell_331,10,9,684,48,1038,17
cell_332,7,8,32,21,34,380
cell_333,12,20,18,975,25,14
cell_334,1,5,13,485,32,11
cell_335,11,39,32,18,768,54
cell_336,1121,30,31,6,3,12
cell_337,53,51,5,686,15,32
cell_338,38,34,33,5,10,973
cell_339,790,53,7,21,23,17
cell_340,15,22,5,7,24,778
cell_341,9,39,1,8,602,691
cell_342,30,3,37,809,7,7
cell_343,16,1403,37,2,19,10
cell_344,0,1591,26,15,20,20
cell_345,10,1247,16,564,39,19
cell_346,1,25,11,19,611,431
cell_347,523,28,9,13,3,7
cell_348,11,1517,26,2,12,13
cell_349,70,21,18,7,1009,29
cell_350,1103,1,19,21,10,22
cell_351,40,17,801,12,38,25
cell_352,32,37,13,5,30,1000
cell_353,77,39,4,59,17,1150
cell_354,2,6,11,69,31,1140
cell_355,5,49,11,541,11,41
cell_356,1,24,32,25,37,10
cell_357,8,0,74,24,15,16
cell_358,25,741,10,22,19,28
cell_359,639,37,4,23,22,11
cell_360,26,1,47,1218,13,28
cell_361,11,30,3,6,1,895
cell_362,6,1079,15,23,36,1208
cell_363,971,8,11,14,13,7
cell_364,3,15,652,7,3,12
cell_365,2158,2,25,7,24,37
cell_366,9,34,56,6,1246,48
cell_367,51,620,37,41,7,5
cell_368,14,11,1079,9,13,26
cell_369,18,3,4,9,14,1500
cell_370,16,7,28,27,981,44
cell_371,2,1,9,668,5,27
cell_372,7,1046,41,3,18,22
cell_373,37,44,523,14,20,16
cell_374,8,17,1350,33,4,7
cell_375,592,6,29,24,15,32
cell_376,23,1559,25,32,27,59
cell_377,27,14,1115,45,11,72
cell_378,12,6,47,9,12,837
cell_379,20,7,5,24,15,347
cell_380,29,68,28,63,8,26
cell_381,8,20,1026,6,28,11
cell_382,1318,21,3,18,45,29
cell_383,16,24,407,8,19,1
cell_384,4,15,1261,4,3,7
cell_385,3,19,931,6,899,12
cell_386,698,10,8,17,44,4
cell_387,28,16,21,572,10,6
cell_388,6,28,20,65,13,1046
cell_389,978,14,6,29,21,14
cell_390,33,1269,25,16,48,24
cell_391,33,8,58,15,1385,2
cell_392,1150,12,10,8,18,17
cell_393,19,48,1611,26,51,11
cell_394,16,3,36,9,15,1471
cell_395,29,629,7,12,8,949
cell_396,27,0,18,1,11,598
cell_397,863,20,3,0,24,6
cell_398,15,21,46,65,11,556
cell_399,23,26,905,19,19,31
cell_400,14,8,5,924,8,37
cell_401,11,5,17,4,15,1143
cell_402,610,20,29,22,26,63
cell_403,864,19,26,25,28,6
cell_404,17,16,1258,13,14,7
cell_405,48,15,730,11,29,35
cell_406,15,20,8,21,861,4
cell_407,353,27,49,9,17,42
cell_408,1665,50,15,5,31,9
cell_409,24,11,11,19,1,1114
cell_410,10,30,7,19,6,11
cell_411,1671,27,9,7,24,962
cell_412,729,6,13,23,11,28
cell_413,25,15,23,8,3,397
cell_414,4,1213,32,17,6,28
cell_415,906,10,5,871,3,48
cell_416,721,7,15,20,110,37
cell_417,5,11,987,35,32,16
cell_418,35,17,49,34,1009,14
cell_419,27,18,18,34,72,5
cell_420,83,833,12,26,6,27
cell_421,1580,20,10,13,8,926
cell_422,23,21,33,11,1231,13
cell_423,10,11,16,17,533,7
cell_424,12,14,35,9,874,6
cell_425,825,62,40,45,4,8
cell_426,961,40,14,3,29,15
cell_427,15,31,39,697,45,23
cell_428,9,29,639,9,18,17
cell_429,21,25,58,44,28,991
cell_430,17,22,6,41,17,12
cell_431,21,11,44,33,702,24
cell_432,43,12,11,555,9,21
cell_433,28,10,11,6,462,20
cell_434,1558,34,9,35,31,4
cell_435,877,15,9,9,31,5
cell_436,18,1348,637,41,18,13
cell_437,7,25,688,19,16,15
cell_438,56,30,37,12,701,34
cell_439,32,37,45,1477,15,28
cell_440,24,1061,17,2,12,6
cell_441,18,39,931,8,14,14
cell_442,32,62,27,26,1505,6
cell_443,1933,7,50,19,14,24
cell_444,998,17,30,42,40,9
cell_445,9,40,13,892,27,12
cell_446,10,1596,15,16,8,21
cell_447,996,19,17,5,19,29
cell_448,9,33,18,9,16,1713
cell_449,27,54,1048,11,34,0
cell_450,755,5,35,18,7,97
cell_451,3,2522,19,57,2,6
cell_452,29,8,543,4,29,11
cell_453,681,9,14,5,902,13
cell_454,1,12,24,1212,6,28
cell_455,3,9,459,22,42,7
cell_456,6,6,11,13,12,12
cell_457,878,12,33,28,57,16
cell_458,6,420,9,18,10,42
cell_459,13,12,51,21,32,1495
cell_460,28,905,2,27,19,9
cell_461,13,6,20,38,28,600
cell_462,499,18,38,0,20,16
cell_463,442,8,7,23,37,10
cell_464,1272,8,41,6,19,32
cell_465,16,12,1478,4,10,1161
cell_466,16,16,57,3,1016,49
cell_467,6,51,1220,13,22,20
cell_468,9,1243,28,19,10,15
cell_469,31,27,40,1394,73,2
cell_470,26,15,97,38,904,7
cell_471,63,0,5,1276,12,30
cell_472,600,19,10,4,12,46
cell_473,9,8,9,1090,15,13
cell_474,25,7,963,21,17,49
cell_475,31,1379,11,8,18,14
cell_476,8,6,9,23,8,23
cell_477,4,2,36,18,4,1213
cell_478,7,4,705,24,44,26
cell_479,59,1205,60,3,18,19
cell_480,77,91,727,16,20,25
cell_481,21,501,756,15,12,24
cell_482,10,0,8,5,61,884
cell_483,835,5,18,30,16,6
cell_484,13,26,19,32,1036,52
cell_485,5,74,6,37,90,2
cell_486,7,1600,19,18,31,14
cell_487,25,13,1159,21,12,22
cell_488,13,14,33,5,860,20
cell_489,44,22,9,1083,43,4
cell_490,3,16,1,811,35,16
cell_491,33,34,45,21,19,10
cell_492,46,14,28,930,3,19
cell_493,397,28,23,18,18,32
cell_494,13,17,3,448,27,24
cell_495,12,22,11,41,1195,5
cell_496,18,1960,28,47,14,58
cell_497,19,42,24,31,16,828
cell_498,1,2,10,685,12,18
cell_499,46,49,104,7,1047,31
cell_500,1575,12,63,25,22,15
cell_501,12,18,34,36,1223,27
cell_502,22,56,848,3,55,14
cell_503,1215,17,33,5,9,20
cell_504,6,702,20,35,794,13
cell_505,788,5,17,10,778,20
cell_506,14,17,794,45,6,25
cell_507,15,21,433,29,11,27
cell_508,31,1028,16,12,34,19
cell_509,10,20,15,992,15,10
cell_510,1353,15,5,16,35,14
cell_511,62,12,5,485,40,15
cell_512,16,20,5,1689,10,5
cell_513,16,4,14,17,15,920
cell_514,35,339,18,13,21,12
cell_515,8,846,4,43,0,18
cell_516,19,1532,9,2,24,29
cell_517,13,892,24,15,12,10
cell_518,7,728,34,25,28,7
cell_519,23,17,1246,16,54,39
cell_520,51,31,21,7,1008,9
cell_521,1,902,18,5,33,11
cell_522,1624,17,632,22,28,21
cell_523,29,15,11,15,931,11
cell_524,17,544,40,14,29,10
cell_525,57,12,1476,32,18,63
cell_526,29,22,11,16,17,653
cell_527,7,44,48,41,12,21
cell_528,656,13,9,33,44,39
cell_529,13,10,26,31,37,3
cell_530,35,22,5,7,16,1026
cell_531,6,496,1324,10,5,6
cell_532,16,2,19,12,1344,18
cell_533,1386,92,28,21,62,61
cell_534,19,831,14,6,35,15
cell_535,2,20,27,10,2649,11
cell_536,16,16,72,24,30,898
cell_537,17,35,24,26,497,21
cell_538,1,17,1330,18,35,29
cell_539,4,34,12,9,13,704
cell_540,27,0,37,9,19,18
cell_541,35,2,47,18,24,1424
cell_542,8,18,14,26,2300,871
cell_543,20,7,6,41,15,1285
cell_544,45,2111,9,21,22,12
cell_545,16,37,508,8,13,26
cell_546,20,9,20,846,10,53
cell_547,23,798,8,25,18,24
cell_548,5,16,3,5,605,7
cell_549,291,11,22,52,60,21
cell_550,43,979,60,4,25,18
cell_551,29,27,18,1521,22,25
cell_552,15,39,6,1389,4,19
cell_553,26,36,1,7,288,16
cell_554,3,775,14,4,6,33
cell_555,14,14,1501,17,11,36
cell_556,7,40,11,0,10,19
cell_557,30,17,22,20,761,9
cell_558,15,17,30,19,19,633
cell_559,2,38,25,11,1453,33
cell_560,20,4,19,11,24,730
cell_561,50,588,10,2,7,7
cell_562,32,27,21,6,706,22
cell_563,49,52,10,873,13,32
cell_564,6,1556,11,23,4,16
cell_565,0,42,13,69,27,8
cell_566,401,56,34,48,14,22
cell_567,13,40,16,22,29,420
cell_568,496,18,1,9,21,28
cell_569,8,1,11,11,2003,36
cell_570,14,2,30,3,1144,21
cell_571,37,5,14,9,493,15
cell_572,4,27,33,13,33,913
cell_573,14,23,17,684,679,13
cell_574,14,43,11,14,29,2
cell_575,18,714,32,17,33,27
cell_576,14,11,3,768,34,37
cell_577,3,75,53,1474,20,42
cell_578,38,1166,21,7,18,50
cell_579,8,35,8,66,20,679
cell_580,14,612,18,39,12,11
cell_581,12,19,968,25,15,20
cell_582,26,5,15,36,23,674
cell_583,46,18,39,7,380,7
cell_584,29,1177,20,18,18,6
cell_585,22,1702,717,7,8,4
cell_586,26,1365,5,10,14,36
cell_587,21,21,5,1973,38,7
cell_588,9,13,27,38,3,1437
cell_589,18,22,8,22,29,664
cell_590,52,9,38,822,5,3
cell_591,43,14,4,15,17,20
cell_592,936,7,5,39,56,9
cell_593,14,33,19,20,4,652
cell_594,865,8,9,7,9,5
cell_595,11,14,16,69,1844,8
cell_596,18,6,603,10,1,16
cell_597,78,2,2,35,24,830
cell_598,46,28,9,15,8,1819
cell_599,3,3,1683,0,23,41
cell_600,6,6,36,1,825,9
cell_601,12,21,13,35,32,657
cell_602,60,31,665,23,25,13
cell_603,47,14,9,37,10,767
cell_604,982,790,10,5,35,38
cell_605,36,1052,10,3,30,29
cell_606,7,6,23,1132,8,9
cell_607,1174,26,23,6,8,2051
cell_608,47,41,1464,25,25,8
cell_609,1433,23,31,5,51,36
cell_610,26,37,17,18,1182,5
cell_611,803,10,8,5,14,7
cell_612,11,22,1295,24,44,41
cell_613,20,8,8,0,1241,13
cell_614,10,25,10,10,999,31
cell_615,35,52,34,1169,16,76
cell_616,24,31,27,1363,36,14
cell_617,8,3,1286,9,62,11
cell_618,22,12,43,22,15,738
cell_619,20,11,4,20,1135,20
cell_620,29,14,17,1251,2,46
cell_621,6,8,20,20,1263,32
cell_622,13,38,549,7,25,42
cell_623,33,17,21,9,291,32
cell_624,13,33,726,16,0,7
cell_625,1,32,27,1,1004,8
cell_626,14,30,27,905,6,27
cell_627,21,5,32,2,28,1073
cell_628,14,30,29,10,14,841
cell_629,19,1448,8,45,27,2
cell_630,39,10,39,32,13,18
cell_631,27,24,6,38,24,20
cell_632,39,6,8,18,24,11
cell_633,15,27,5,1990,16,17
cell_634,29,1119,27,3,21,72
cell_635,787,7,15,2,23,13
cell_636,38,23,1,7,28,1215
cell_637,657,24,12,27,69,12
cell_638,30,29,3,1366,37,11
cell_639,6,10,16,56,850,6
cell_640,6,20,1308,3,19,33
cell_641,18,761,36,4,8,45
cell_642,25,30,4,884,35,10
cell_643,31,26,41,8,3,792
cell_644,5,1143,11,26,24,42
cell_645,4,1046,7,36,4,12
cell_646,20,565,50,24,6,38
cell_647,34,437,17,9,3,3
cell_648,994,16,6,26,26,5
cell_649,18,18,5,632,17,29
cell_650,33,20,14,945,4,111
cell_651,1411,47,7,12,14,52
cell_652,10,33,41,35,1,31
cell_653,20,8,1,29,1872,10
cell_654,26,394,13,34,6,48
cell_655,929,44,6,23,16,824
cell_656,52,13,22,9,12,41
cell_657,9,29,2123,13,15,8
cell_658,17,20,26,493,44,14
cell_659,62,42,1138,34,19,20
cell_660,9,9,18,16,833,18
cell_661,20,46,35,20,888,10
cell_662,9,6,24,1123,17,29
cell_663,16,9,11,13,57,776
cell_664,12,21,8,25,4,1143
cell_665,2,39,5,9,1555,9
cell_666,22,9,3,4,685,8
cell_667,0,32,887,29,41,11
cell_668,16,47,18,63,39,785
cell_669,26,16,3,6,13,11
cell_670,42,12,676,11,5,39
cell_671,33,28,23,17,1084,60
cell_672,18,15,18,2250,29,57
cell_673,21,52,1117,9,16,9
cell_674,21,31,47,16,36,776
cell_675,23,17,2,1142,16,7
cell_676,6,36,35,0,46,328
cell_677,22,16,7,29,776,11
cell_678,21,11,7,13,1672,42
cell_679,15,21,16,613,44,14
cell_680,12,479,6,9,27,17
cell_681,6,976,7,14,9,1024
cell_682,24,1648,34,2,25,4
cell_683,20,1175,35,19,25,16
cell_684,46,17,20,9,11,13
cell_685,57,9,1042,16,26,8
cell_686,0,15,943,19,11,13
cell_687,14,20,4,57,10,29
cell_688,52,37,28,9,564,9
cell_689,2,15,454,24,4,31
cell_690,24,721,25,27,15,2
cell_691,39,6,730,29,22,26
cell_692,1187,31,8,55,7,3
cell_693,57,766,10,15,14,21
cell_694,17,8,39,548,12,8
cell_695,21,46,23,21,339,22
cell_696,855,19,29,21,23,26
cell_697,13,18,62,2,39,1368
cell_698,1166,51,3,34,25,19
cell_699,44,5,415,4,11,12
cell_700,21,40,905,30,13,23
cell_701,17,23,659,16,9,25
cell_702,13,790,39,20,58,13
cell_703,22,1945,30,2,4,22
cell_704,15,22,30,1059,26,40
cell_705,15,5,21,1087,1705,18
cell_706,21,22,890,11,17,36
cell_707,14,55,1,592,6,13
cell_708,15,7,4,679,33,454
cell_709,31,6,28,26,845,16
cell_710,20,4,2,18,1126,30
cell_711,9,16,61,9,18,926
cell_712,21,19,1269,1,15,12
cell_713,1023,19,5,5,27,19
cell_714,8,29,1548,8,2,14
cell_715,8,9,43,5,1475,21
cell_716,10,14,18,29,4,741
cell_717,23,16,31,677,4,11
cell_718,18,34,34,6,2516,18
cell_719,12,16,36,23,1946,0
cell_720,9,35,11,1573,13,58
cell_721,21,9,530,7,8,17
cell_722,23,15,11,45,1370,21
cell_723,35,13,31,52,29,19
cell_724,58,36,11,25,1069,32
cell_725,8,3,16,28,920,6
cell_726,3,12,931,5,7,19
cell_727,13,2150,42,8,13,42
cell_728,1516,14,17,4,16,3
cell_729,17,760,6,27,3,42
cell_730,41,1004,11,2,19,7
cell_731,2,23,17,22,7,1291
cell_732,15,18,26,30,1028,13
cell_733,12,11,15,21,564,538
cell_734,16,7,836,18,40,16
cell_735,21,587,39,2,9,45
cell_736,18,31,13,34,978,14
cell_737,5,12,716,569,9,7
cell_738,22,32,7,13,26,867
cell_739,18,23,22,1203,14,27
cell_740,19,22,950,20,8,33
cell_741,16,6,617,19,15,11
cell_742,10,21,269,3,14,19
cell_743,35,5,13,17,1689,11
cell_744,1149,29,20,58,22,40
cell_745,14,45,15,27,6,1051
cell_746,11,12,646,28,4,13
cell_747,2,28,53,1,1089,38
cell_748,38,22,1,12,15,1710
cell_749,0,53,21,5,824,20
cell_750,8,19,14,49,456,9
cell_751,36,13,6,4,15,6
cell_752,17,15,53,48,830,19
cell_753,9,24,6,5,28,12
cell_754,712,25,4,49,19,11
cell_755,12,717,37,26,26,15
cell_756,1211,8,17,28,39,19
cell_757,8,13,50,6,5,1699
cell_758,16,21,19,883,9,6
cell_759,930,37,17,10,22,36
cell_760,32,46,30,1090,28,6
cell_761,46,2,48,6,15,486
cell_762,3,20,24,17,26,1341
cell_763,1,2025,38,17,14,7
cell_764,12,583,52,26,8,47
cell_765,5,37,31,48,384,7
cell_766,8,10,37,17,3,616
cell_767,1512,17,17,10,13,36
cell_768,964,18,30,18,11,15
cell_769,22,8,837,47,7,7
cell_770,13,1643,19,5,44,23
cell_771,7,951,11,12,4,10
cell_772,25,45,22,627,20,20
cell_773,39,21,1601,0,7,43
cell_774,4,853,1015,6,11,16
cell_775,56,1047,70,4,50,28
cell_776,9,615,4,21,40,36
cell_777,443,20,34,8,7,15
cell_778,16,1054,1971,11,4,21
cell_779,39,19,20,12,40,1661
cell_780,594,18,10,23,5,37
cell_781,22,21,1094,27,1131,21
cell_782,21,6,26,11,21,625
cell_783,12,15,17,21,69,1800
cell_784,5,14,619,32,42,20
cell_785,8,22,1071,5,9,36
cell_786,112,56,14,15,27,1699
cell_787,1404,740,13,18,18,8
cell_788,20,1290,22,12,24,23
cell_789,21,13,1429,9,26,12
cell_790,1756,11,19,23,15,28
cell_791,11,1210,22,14,9,37
cell_792,17,46,14,50,381,18
cell_793,3,3,12,6,610,28
cell_794,42,28,3,1056,7,52
cell_795,48,31,6,22,15,1517
cell_796,8,19,1467,25,14,742
cell_797,17,13,936,26,9,12
cell_798,1170,21,32,16,11,25
cell_799,21,14,674,29,5,9
cell_800,36,9,6,29,9,703
cell_801,6,24,1,61,976,30
cell_802,18,4,8,14,1104,7
cell_803,49,17,36,1158,7,20
cell_804,968,4,14,23,8,12
cell_805,17,49,19,12,324,41
cell_806,915,5,17,11,60,1593
cell_807,44,28,438,17,11,13
cell_808,310,43,35,7,10,12
cell_809,3,284,5,8,16,12
cell_810,10,33,1,886,6,49
cell_811,26,31,1208,35,727,7
cell_812,29,1451,4,3,10,11
cell_813,22,30,976,40,38,9
cell_814,18,32,14,12,9,1117
cell_815,33,20,3,612,91,45
cell_816,7,11,51,9,22,601
cell_817,24,65,462,53,9,25
cell_818,15,9,582,45,9,9
cell_819,18,10,13,8,16,392
cell_820,10,6,1035,23,11,3
cell_821,43,28,19,2,1785,9
cell_822,27,28,7,19,34,1748
cell_823,1033,3,2,25,27,34
cell_824,15,16,27,15,1105,13
cell_825,854,31,13,16,14,25
cell_826,9,6,1320,16,11,39
cell_827,28,57,23,793,3,17
cell_828,976,34,34,0,7,19
cell_829,18,14,53,810,28,27
cell_830,4,16,25,0,14,2063
cell_831,34,33,1294,1164,18,24
cell_832,52,442,25,17,12,15
cell_833,6,12,18,9,30,589
cell_834,779,10,54,7,42,29
cell_835,6,1990,27,49,28,5
cell_836,6,0,756,17,21,33
cell_837,17,57,34,11,874,36
cell_838,48,40,5,18,1346,36
cell_839,7,41,8,22,17,10
cell_840,10,13,1073,66,1201,20
cell_841,24,2,12,16,6,1523
cell_842,11,15,885,9,26,21
cell_843,66,18,1125,20,8,29
cell_844,3,4,8,2181,25,9
cell_845,10,23,1181,3,10,13
cell_846,34,12,33,32,10,5
cell_847,5,21,46,883,62,26
cell_848,14,9,880,1621,13,2
cell_849,23,919,8,27,69,14
cell_850,17,30,12,665,5,38
cell_851,3,8,20,1771,2,25
cell_852,4,49,8,32,488,33
cell_853,13,3,8,9,1357,16
cell_854,17,24,1105,18,40,28
cell_855,21,30,1,19,798,6
cell_856,31,833,5,8,22,28
cell_857,16,1280,1341,10,15,66
cell_858,10,59,4,953,24,2
cell_859,2,9,8,1,15,1211
cell_860,15,910,29,37,25,14
cell_861,23,28,4,18,1596,17
cell_862,38,8,8,1536,54,2
cell_863,6,1597,14,54,24,980
cell_864,1817,5,32,1,7,18
cell_865,2,11,39,4,30,8
cell_866,9,52,19,52,1562,41
cell_867,15,6,25,43,1945,1
cell_868,8,529,9,24,18,6
cell_869,13,637,7,35,8,40
cell_870,10,17,1406,18,20,18
cell_871,30,5,28,34,14,739
cell_872,19,37,3,17,3,1213
cell_873,86,14,34,1703,25,24
cell_874,44,14,810,34,13,7
cell_875,664,9,36,4,13,21
cell_876,28,675,10,17,16,13
cell_877,27,4,487,2,4,861
cell_878,16,16,33,13,548,34
cell_879,35,26,38,1595,35,6
cell_880,12,22,1390,9,20,39
cell_881,29,20,512,8,23,25
cell_882,26,31,37,3,11,1327
cell_883,12,944,14,1532,8,12
cell_884,3,23,6,27,587,12
cell_885,11,8,57,0,6,1493
cell_886,5,27,21,2,1179,28
cell_887,8,6,650,1200,5,42
cell_888,24,1,25,22,16,415
cell_889,409,17,12,33,43,5
cell_890,1288,27,22,70,4,10
cell_891,23,32,1828,6,14,10
cell_892,11,5,33,1336,53,8
cell_893,9,12,7,24,1121,42
cell_894,26,23,63,20,54,8
cell_895,379,5,463,17,13,11
cell_896,5,17,18,22,1189,31
cell_897,54,42,1006,17,14,39
cell_898,7,5,21,2,10,44
cell_899,1631,11,41,20,12,9
cell_900,44,19,643,18,426,21
cell_901,14,29,50,14,1461,15
cell_902,32,23,6,17,4,5
cell_903,1423,28,2,14,24,27
cell_904,9,47,6,22,833,5
cell_905,16,16,8,767,22,13
cell_906,381,23,33,38,4,11
cell_907,5,790,20,24,36,9
cell_908,12,30,1149,30,6,7
cell_909,2,10,14,1767,37,12
cell_910,7,634,9,61,44,50
cell_911,27,1,34,48,22,61
cell_912,21,17,5,48,18,757
cell_913,67,997,2,15,23,26
cell_914,673,37,5,36,6,16
cell_915,28,7,372,15,22,17
cell_916,1,4,12,14,1664,14
cell_917,1032,14,1,15,16,4
cell_918,1007,14,3,10,42,39
cell_919,13,19,6,11,5,1452
cell_920,11,41,20,1264,10,8
cell_921,5,30,5,46,1673,29
cell_922,16,1380,11,5,27,9
cell_923,5,43,18,13,27,19
cell_924,3,11,33,2,2,30
cell_925,72,14,2555,9,35,8
cell_926,403,22,37,19,609,3
cell_927,11,33,12,28,16,1353
cell_928,1269,16,28,38,3,30
cell_929,1009,18,14,5,8,5
cell_930,21,6,2275,37,1639,6
cell_931,21,652,11,43,31,11
cell_932,24,44,13,42,22,43
cell_933,12,8,4,16,12,894
cell_934,21,14,8,26,4,670
cell_935,6,7,13,882,48,13
cell_936,9,14,739,19,28,11
cell_937,1238,16,29,24,1,35
cell_938,29,24,35,18,6,60
cell_939,11,625,16,25,74,18
cell_940,557,20,11,1002,26,45
cell_941,20,1626,47,9,11,13
cell_942,3,28,2,9,94,680
cell_943,33,16,10,5,36,6
cell_944,18,17,7,1929,9,24
cell_945,9,62,4,372,6,67
cell_946,29,20,28,17,14,6
cell_947,1815,14,17,20,15,21
cell_948,27,52,31,34,8,1094
cell_949,21,15,36,31,6,1404
cell_950,18,25,17,22,35,610
cell_951,5,1120,10,50,26,24
cell_952,14,6,13,1662,11,41
cell_953,17,24,59,888,7,19
cell_954,40,735,2,7,31,20
cell_955,2,4,28,22,1526,62
cell_956,5,5,15,19,569,20
cell_957,0,25,18,9,13,26
cell_958,8,10,22,1986,2403,29
cell_959,19,1133,8,16,6,58
cell_960,7,21,2,30,44,1015
cell_961,28,697,1,27,16,7
cell_962,33,1157,10,2,29,11
cell_963,288,5,5,10,20,22
cell_964,582,18,46,25,57,21
cell_965,26,42,10,19,1046,2
cell_966,1477,28,21,22,8,4
cell_967,17,1985,32,15,11,57
cell_968,18,43,722,22,37,28
cell_969,21,1691,33,1101,56,26
cell_970,17,18,10,1170,32,1
cell_971,30,1077,15,28,10,6
cell_972,17,12,15,52,31,941
cell_973,82,9,35,1414,54,4
cell_974,60,1253,14,9,21,26
cell_975,342,8,18,26,40,33
cell_976,65,2,13,927,15,12
cell_977,3,35,3,1217,32,13
cell_978,936,23,28,31,26,30
cell_979,1686,18,20,9,98,13
cell_980,5,19,69,10,1636,1828
cell_981,25,16,2,21,1087,2
cell_982,5,7,5,11,2333,4
cell_983,15,10,18,16,100,31
cell_984,17,21,14,13,16,1036
cell_985,9,9,1077,71,8,15
cell_986,7,592,17,2,8,11
cell_987,10,520,38,14,38,39
cell_988,12,20,701,12,15,26
cell_989,15,50,648,15,13,19
cell_990,5,22,43,16,372,8
cell_991,34,39,8,1143,40,28
cell_992,31,4,32,1705,1,30
cell_993,1729,16,22,23,28,5
cell_994,8,321,15,7,12,5
cell_995,25,54,22,1102,1611,27
cell_996,5,18,21,950,5,14
cell_997,1,917,21,11,28,30
cell_998,14,13,13,16,3,1122
cell_999,25,28,49,25,876,23
cell_1000,19,1,1968,23,35,21
cell_1001,4,28,1338,1195,11,21
cell_1002,5,2098,18,11,27,19
cell_1003,24,45,14,88,523,12
cell_1004,18,839,20,32,12,10
cell_1005,21,16,5,1635,28,41
cell_1006,1805,41,17,42,17,13
cell_1007,17,710,21,12,28,16
cell_1008,29,26,25,684,28,4
cell_1009,47,6,554,23,14,1
cell_1010,29,10,37,625,40,19
cell_1011,1735,11,8,4,37,1142
cell_1012,8,20,26,8,440,29
cell_1013,1262,7,26,30,1,30
cell_1014,64,777,20,9,10,20
cell_1015,22,8,915,9,22,12
cell_1016,14,20,58,9,17,9
cell_1017,8,18,16,1947,20,93
cell_1018,10,8,12,20,1832,25
cell_1019,14,13,1,1218,10,1
cell_1020,8,14,945,20,76,17
cell_1021,1154,6,17,15,7,6
cell_1022,26,30,22,41,13,1038
cell_1023,16,35,18,39,1085,38
cell_1024,45,9,1282,50,1010,21
cell_1025,48,15,28,38,2322,7
cell_1026,16,9,28,22,33,0
cell_1027,2,32,882,65,21,28
cell_1028,19,16,516,25,24,17
cell_1029,5,36,21,676,4,12
cell_1030,6,19,11,278,24,42
cell_1031,23,552,13,10,14,16
cell_1032,1,13,14,721,5,9
cell_1033,600,28,8,5,1115,38
cell_1034,14,832,55,10,16,93
cell_1035,53,660,10,26,28,14
cell_1036,26,17,1949,9,4,25
cell_1037,24,31,12,15,22,1210
cell_1038,2,26,25,13,15,1346
cell_1039,25,9,41,13,265,10
cell_1040,29,1280,28,48,15,33
cell_1041,29,36,19,8,498,43
cell_1042,17,31,16,1014,6,25
cell_1043,19,1110,1,14,32,56
cell_1044,7,1028,25,671,11,44
cell_1045,20,462,24,1080,16,41
cell_1046,12,524,18,21,14,24
cell_1047,15,1,975,22,14,16
cell_1048,8,560,5,10,7,9
cell_1049,0,16,800,4,13,10
cell_1050,307,37,57,11,6,50
cell_1051,10,409,786,19,44,22
cell_1052,7,7,26,35,10,1096
cell_1053,17,37,7,733,0,40
cell_1054,1984,22,16,13,42,14
cell_1055,1354,11,6,11,5,17
cell_1056,7,25,25,12,574,2
cell_1057,4,4,782,18,35,19
cell_1058,20,16,1447,38,45,21
cell_1059,521,23,41,1101,3,16
cell_1060,15,1462,21,24,5,32
cell_1061,14,1051,3,7,432,12
cell_1062,29,2,16,977,19,10
cell_1063,20,2,11,8,16,846
cell_1064,19,18,25,353,22,28
cell_1065,28,1,25,30,22,1289
cell_1066,4,34,32,25,12,606
cell_1067,46,9,1344,41,21,21
cell_1068,16,19,12,23,737,5
cell_1069,23,0,22,465,22,27
cell_1070,3,564,24,13,36,39
cell_1071,10,2,1313,20,23,18
cell_1072,28,2045,11,21,47,17
cell_1073,4,30,64,2,25,1057
cell_1074,8,31,859,44,37,55
cell_1075,29,20,24,1024,24,50
cell_1076,19,1128,46,6,69,26
cell_1077,39,17,804,32,22,19
cell_1078,37,11,7,1260,4,990
cell_1079,9,15,8,8,1590,20
cell_1080,27,1384,29,38,19,68
cell_1081,17,23,974,7,7,50
cell_1082,49,19,56,42,241,7
cell_1083,20,1220,3,23,42,18
cell_1084,412,6,19,23,1,24
cell_1085,13,27,462,37,12,10
cell_1086,13,21,10,15,78,653
cell_1087,28,28,637,4,27,15
cell_1088,11,40,14,1452,6,8
cell_1089,1247,23,12,23,4,8
cell_1090,24,9,10,358,9,4
cell_1091,14,13,11,1747,31,11
cell_1092,74,62,577,25,17,6
cell_1093,42,4,981,21,14,12
cell_1094,20,24,18,10,687,36
cell_1095,20,1054,20,9,15,46
cell_1096,28,62,853,7,7,18
cell_1097,20,31,20,12,6,332
cell_1098,1,29,19,7,7,578
cell_1099,23,32,1457,11,1,17
cell_1100,9,43,9,800,8,26
cell_1101,14,25,1,19,447,8
cell_1102,23,1221,22,5,20,15
cell_1103,2,5,6,25,860,21
cell_1104,5,27,63,19,765,42
cell_1105,429,9,22,33,993,24
cell_1106,9,1313,28,656,9,1
cell_1107,872,38,10,14,40,1
cell_1108,9,7,1385,42,61,15
cell_1109,3,21,33,12,10,874
cell_1110,23,18,9,15,18,955
cell_1111,16,1949,38,5,1,25
cell_1112,9,20,40,5,1539,9
cell_1113,8,36,25,22,17,1701
cell_1114,611,2,55,1,3,4
cell_1115,676,930,8,9,48,10
cell_1116,34,16,23,9,11,724
cell_1117,9,24,1222,5,39,7
cell_1118,1829,27,29,23,78,52
cell_1119,10,8,3,15,16,9
cell_1120,17,1170,21,10,15,10
cell_1121,842,12,8,25,5,1
cell_1122,12,40,1004,9,25,3
cell_1123,44,39,17,2,9,19
cell_1124,8,11,13,848,5,31
cell_1125,36,18,6,1057,10,11
cell_1126,2,35,7,35,1218,35
cell_1127,0,13,1062,7,65,5
cell_1128,16,1106,57,26,23,5
cell_1129,10,20,568,52,30,16
cell_1130,530,14,5,9,11,19
cell_1131,14,15,2,18,1036,5
cell_1132,10,12,28,1,6,865
cell_1133,15,11,45,11,953,14
cell_1134,23,28,825,36,20,48
cell_1135,37,7,50,76,878,44
cell_1136,4,11,24,36,20,1173
cell_1137,18,35,47,1114,29,6
cell_1138,7,17,23,13,7,314
cell_1139,17,29,8,15,623,12
cell_1140,28,47,19,7,6,15
cell_1141,45,4,16,16,570,16
cell_1142,3,1043,7,32,32,14
cell_1143,11,9,18,10,1493,21
cell_1144,23,21,18,9,17,457
cell_1145,14,22,35,1057,37,13
cell_1146,6,17,31,1001,36,19
cell_1147,26,9,31,20,35,17
cell_1148,9,25,15,1194,11,27
cell_1149,26,28,597,1078,4,34
cell_1150,32,1052,28,41,26,15
cell_1151,13,50,625,5,4,22
cell_1152,1,5,9,18,9,5
cell_1153,879,5,36,20,13,9
cell_1154,28,4,23,2,1394,25
cell_1155,10,4,1314,19,4,10
cell_1156,1644,12,9,18,11,21
cell_1157,14,20,783,2,24,7
cell_1158,4,23,517,45,8,28
cell_1159,10,760,39,6,3,8
cell_1160,14,31,27,45,684,6
cell_1161,2,28,31,28,994,1398
cell_1162,5,32,24,8,13,35
cell_1163,10,1455,16,6,39,16
cell_1164,19,6,18,32,3,907
cell_1165,17,22,27,1091,7,24
cell_1166,13,71,19,3,11,785
cell_1167,53,17,17,54,821,43
cell_1168,0,19,13,19,25,1367
cell_1169,11,39,13,1415,17,25
cell_1170,30,13,31,8,35,1127
cell_1171,1013,1097,5,17,5,5
cell_1172,23,8,3,18,859,23
cell_1173,9,32,55,26,20,960
cell_1174,24,9,16,17,23,965
cell_1175,31,8,1,2334,22,20
cell_1176,22,3,25,14,851,56
cell_1177,1403,2220,25,31,7,1
cell_1178,14,14,21,33,5,1256
cell_1179,901,25,20,10,14,21
cell_1180,30,51,8,25,1283,7
cell_1181,7,52,13,19,1285,14
cell_1182,21,17,7,967,32,20
cell_1183,9,5,13,8,42,1310
cell_1184,18,1391,19,10,30,39
cell_1185,14,16,5,13,467,23
cell_1186,18,926,8,14,1,31
cell_1187,52,31,6,4,342,2
cell_1188,3,739,14,32,15,13
cell_1189,47,24,1039,9,5,11
cell_1190,460,29,14,32,9,22
cell_1191,889,42,17,10,614,41
cell_1192,3,22,915,7,18,17
cell_1193,578,23,28,34,28,33
cell_1194,21,3,4,254,4,16
cell_1195,17,9,27,38,40,925
cell_1196,6,10,3,35,10,9
cell_1197,1128,9,22,7,31,36
cell_1198,17,18,3,1933,14,10
cell_1199,71,41,0,616,5,27
cell_1200,19,998,6,14,10,29
cell_1201,3,35,779,2,10,5
cell_1202,18,21,863,57,8,13
cell_1203,13,17,30,17,15,2576
cell_1204,32,5,36,42,44,1058
cell_1205,20,28,1448,8,36,19
cell_1206,13,12,5,953,2,5
cell_1207,1,25,36,50,18,481
cell_1208,3,24,753,18,26,1203
cell_1209,3,51,2,6,1031,34
cell_1210,723,21,67,698,14,25
cell_1211,31,918,20,11,2,52
cell_1212,16,7,866,7,21,2
cell_1213,8,6,10,1799,50,10
cell_1214,1645,12,7,14,34,13
cell_1215,4,710,33,12,29,25
cell_1216,45,17,31,559,22,70
cell_1217,23,636,10,22,12,16
cell_1218,48,14,1342,18,25,45
cell_1219,42,40,1101,15,62,2
cell_1220,13,20,23,28,53,20
cell_1221,26,17,28,9,2188,19
cell_1222,8,9,1239,34,9,25
cell_1223,12,12,972,4,18,0
cell_1224,6,11,14,45,836,21
cell_1225,20,24,15,69,894,32
cell_1226,46,39,23,9,693,6
cell_1227,30,2106,9,14,34,16
cell_1228,44,29,636,4,62,25
cell_1229,29,41,1315,15,11,24
cell_1230,12,24,27,14,914,0
cell_1231,23,33,21,37,17,1875
cell_1232,16,1069,16,9,718,12
cell_1233,964,10,42,28,8,3
cell_1234,20,29,946,27,15,26
cell_1235,1609,24,9,5,50,7
cell_1236,15,8,33,20,406,10
cell_1237,12,999,10,18,35,11
cell_1238,14,12,18,339,8,2
cell_1239,6,38,21,593,52,36
cell_1240,17,13,15,8,35,833
cell_1241,1,27,1304,47,14,29
cell_1242,26,10,7,11,31,38
cell_1243,28,267,14,9,20,22
cell_1244,20,5,1334,51,47,23
cell_1245,19,13,17,12,25,985
cell_1246,12,20,677,51,24,19
cell_1247,677,12,5,37,19,19
cell_1248,36,1009,21,8,34,2
cell_1249,18,18,10,6,1579,25
cell_1250,23,1257,25,26,17,2
cell_1251,1175,12,24,3,6,7
cell_1252,3,9,18,10,1747,12
cell_1253,12,6,713,10,11,4
cell_1254,33,421,19,18,8,9
cell_1255,8,1177,5,3,21,2
cell_1256,494,3,49,15,12,8
cell_1257,19,6,15,11,1765,15
cell_1258,4,40,41,39,22,26
cell_1259,32,16,11,10,12,1400
cell_1260,13,14,37,24,1586,10
cell_1261,23,14,27,1001,34,53
cell_1262,6,35,8,24,21,36
cell_1263,29,16,20,22,20,2000
cell_1264,1067,6,4,38,7,25
cell_1265,8,9,9,12,3,16
cell_1266,24,586,33,23,26,14
cell_1267,20,1606,20,45,17,21
cell_1268,19,36,17,23,50,883
cell_1269,25,6,2,5,9,1620
cell_1270,703,27,3,24,47,5
cell_1271,502,37,27,27,31,38
cell_1272,416,30,6,24,80,21
cell_1273,10,20,17,9,35,1145
cell_1274,8,8,1001,39,67,10
cell_1275,11,48,11,1129,32,33
cell_1276,47,34,5,3,1,1711
cell_1277,39,41,33,965,81,19
cell_1278,1629,3,5,30,19,33
cell_1279,783,31,47,17,13,2
cell_1280,52,19,1028,46,8,7
cell_1281,3,652,31,10,4,30
cell_1282,28,9,9,29,11,838
cell_1283,23,17,18,458,24,3
cell_1284,414,7,20,35,17,12
cell_1285,1240,8,8,26,33,27
cell_1286,1159,11,29,19,28,5
cell_1287,44,52,39,1091,20,14
cell_1288,38,21,5,1603,18,55
cell_1289,22,10,4,34,843,2
cell_1290,34,19,12,1019,9,26
cell_1291,2,2179,13,5,18,15
cell_1292,36,10,15,3,48,1208
cell_1293,5,17,47,4,32,126
cell_1294,4,59,18,33,17,1178
cell_1295,22,5,555,18,23,8
cell_1296,1484,10,73,26,7,6
cell_1297,30,25,1377,22,19,7
cell_1298,3,32,24,18,9,776
cell_1299,8,10,19,4,1399,36
cell_1300,10,41,1547,1,12,8
cell_1301,10,13,19,810,1,92
cell_1302,80,29,36,872,1124,18
cell_1303,38,17,44,5,33,832
cell_1304,655,18,29,926,10,9
cell_1305,3,15,12,51,16,617
cell_1306,26,1319,15,4,19,42
cell_1307,10,931,10,9,44,19
cell_1308,16,56,16,1189,22,28
cell_1309,28,23,18,731,48,16
cell_1310,38,14,25,7,964,4
cell_1311,82,15,5,32,17,969
cell_1312,24,27,331,12,17,17
cell_1313,794,47,4,12,22,21
cell_1314,1,11,20,17,2,33
cell_1315,443,19,5,18,25,17
cell_1316,49,2,9,14,490,1327
cell_1317,606,14,7,0,20,40
cell_1318,1348,997,8,6,10,14
cell_1319,1201,17,16,32,19,11
cell_1320,17,16,1379,30,9,8
cell_1321,43,11,11,546,3,17
cell_1322,22,1098,7,20,38,7
cell_1323,24,9,5,1260,11,32
cell_1324,713,24,6,10,38,39
cell_1325,43,789,18,16,5,6
cell_1326,3,25,1502,67,27,4
cell_1327,9,4,11,42,17,967
cell_1328,15,1,22,19,532,28
cell_1329,0,30,15,860,23,18
cell_1330,50,23,28,31,1361,17
cell_1331,8,16,721,6,17,10
cell_1332,25,7,2059,18,15,7
cell_1333,1013,26,12,26,21,19
cell_1334,2,49,27,26,10,977
cell_1335,3,4,1122,13,8,4
cell_1336,1805,20,14,8,3,12
cell_1337,954,6,41,933,5,30
cell_1338,25,2,29,1601,6,6
cell_1339,7,33,41,18,0,761
cell_1340,40,11,17,1395,31,5
cell_1341,11,16,0,27,278,10
cell_1342,4,19,16,13,853,4
cell_1343,13,10,36,9,1073,19
cell_1344,13,9,4,47,13,392
cell_1345,31,849,11,14,70,24
cell_1346,7,17,12,18,7,646
cell_1347,2,42,17,12,378,14
cell_1348,17,15,39,43,808,15
cell_1349,778,21,10,36,6,20
cell_1350,11,11,2387,4,36,31
cell_1351,14,36,26,2003,17,6
cell_1352,10,18,1,7,9,449
cell_1353,359,35,66,48,24,13
cell_1354,18,1341,36,15,648,6
cell_1355,17,998,16,16,31,4
cell_1356,17,24,776,24,25,8
cell_1357,1077,34,17,18,17,25
cell_1358,16,16,7,11,24,847
cell_1359,1532,17,27,40,4,5
cell_1360,21,2,19,801,28,28
cell_1361,10,954,5,18,9,25
cell_1362,9,20,43,22,12,644
cell_1363,43,31,14,526,10,16
cell_1364,37,3,1165,14,30,1186
cell_1365,1014,15,5,50,39,42
cell_1366,13,7,19,22,932,21
cell_1367,1336,40,33,3,14,63
cell_1368,19,10,9,15,21,30
cell_1369,38,6,907,4,1005,21
cell_1370,6,3,1007,8,13,1
cell_1371,28,51,726,32,25,50
cell_1372,26,1244,8,26,41,1054
cell_1373,31,873,38,28,31,3
cell_1374,36,0,9,624,26,15
cell_1375,1,616,9,17,7,14
cell_1376,35,30,1366,21,41,40
cell_1377,18,24,14,1529,6,11
cell_1378,34,1005,21,32,50,15
cell_1379,4,5,36,860,19,49
cell_1380,5,631,47,35,32,985
cell_1381,13,13,8,527,36,34
cell_1382,1041,7,10,41,12,43
cell_1383,13,17,5,40,1650,35
cell_1384,18,18,22,432,20,9
cell_1385,35,33,8,9,743,27
cell_1386,51,707,18,20,5,8
cell_1387,29,17,805,6,13,17
cell_1388,3,19,14,19,2210,11
cell_1389,979,11,45,52,17,6
cell_1390,16,28,15,48,1669,7
cell_1391,32,19,28,11,27,380
cell_1392,16,38,1062,5,14,8
cell_1393,18,20,44,27,14,1179
cell_1394,26,30,10,894,55,8
cell_1395,17,15,8,69,19,1388
cell_1396,13,22,9,1294,20,389
cell_1397,22,5,55,31,460,34
cell_1398,32,2023,13,24,20,12
cell_1399,9,15,22,6,1373,6
cell_1400,41,1392,17,13,12,31
cell_1401,5,12,23,1264,23,5
cell_1402,5,36,20,755,14,22
cell_1403,18,24,32,11,27,23
cell_1404,4,45,1753,32,5,43
cell_1405,727,11,3,1,7,30
cell_1406,1993,7,20,7,12,7
cell_1407,1458,51,42,24,4,7
cell_1408,24,445,31,10,6,4
cell_1409,27,7,1066,28,16,10
cell_1410,48,12,19,2576,20,12
cell_1411,27,18,883,24,12,52
cell_1412,13,1115,6,31,12,12
cell_1413,28,12,17,17,23,1369
cell_1414,10,25,45,28,9,750
cell_1415,8,20,1514,1448,13,4
cell_1416,12,31,6,42,1190,26
cell_1417,14,16,16,6,490,6
cell_1418,15,17,703,38,61,31
cell_1419,15,51,27,10,1273,11
cell_1420,702,1401,22,32,50,25
cell_1421,16,1403,16,20,15,23
cell_1422,15,15,1252,10,29,15
cell_1423,3,34,16,636,29,20
cell_1424,18,45,553,32,4,11
cell_1425,16,6,1008,34,8,25
cell_1426,36,1128,7,15,5,35
cell_1427,25,34,11,22,16,1081
cell_1428,18,9,31,1104,16,24
cell_1429,17,7,903,1,39,14
cell_1430,10,709,19,24,11,4
cell_1431,33,6,1871,23,50,38
cell_1432,5,2168,9,18,63,27
cell_1433,22,1,17,35,1026,10
cell_1434,1158,19,16,17,22,7
cell_1435,36,921,12,10,21,7
cell_1436,5,20,34,20,37,485
cell_1437,23,954,6,2,46,24
cell_1438,3,40,12,3,13,681
cell_1439,21,37,8,21,1248,18
cell_1440,761,985,15,21,13,14
cell_1441,31,0,1552,28,15,9
cell_1442,0,16,31,35,1,13
cell_1443,7,11,19,508,31,6
cell_1444,13,20,48,614,23,15
cell_1445,1,10,15,24,20,23
cell_1446,17,28,5,7,1526,50
cell_1447,1212,17,7,8,34,40
cell_1448,1162,47,10,9,15,12
cell_1449,3,3,527,13,12,7
cell_1450,0,850,4,22,12,24
cell_1451,23,69,21,5,650,15
cell_1452,21,31,11,22,1031,2
cell_1453,14,7,18,20,860,46
cell_1454,1868,12,18,6,1268,43
cell_1455,7,20,38,983,4,432
cell_1456,1039,14,10,6,26,664
cell_1457,1411,11,19,31,6,36
cell_1458,12,4,10,29,904,4
cell_1459,932,11,10,27,22,26
cell_1460,1701,11,27,23,4,9
cell_1461,60,13,7,998,10,3
cell_1462,30,20,2,17,29,880
cell_1463,21,656,0,18,23,13
cell_1464,4,326,11,57,8,4
cell_1465,43,22,552,11,15,21
cell_1466,27,24,12,6,257,30
cell_1467,32,18,9,46,1163,816
cell_1468,46,21,21,39,1016,9
cell_1469,31,889,4,9,11,22
cell_1470,13,26,15,22,856,35
cell_1471,8,20,11,45,394,25
cell_1472,7,927,12,2,331,20
cell_1473,779,6,5,17,26,4
cell_1474,29,36,1461,13,13,24
cell_1475,12,21,46,1154,27,14
cell_1476,24,1846,11,6,19,30
cell_1477,21,1635,57,7,40,85
cell_1478,16,1841,11,5,18,6
cell_1479,19,9,1614,14,24,21
cell_1480,51,9,19,661,51,40
cell_1481,1495,26,11,19,39,10
cell_1482,12,13,16,485,9,19
cell_1483,593,7,31,35,21,19
cell_1484,13,11,12,31,26,1295
cell_1485,14,14,959,3,12,59
cell_1486,12,18,1100,42,11,27
cell_1487,9,17,1158,9,12,24
cell_1488,6,10,16,27,24,1001
cell_1489,519,18,18,18,15,28
cell_1490,23,5,792,22,21,21
cell_1491,16,326,14,34,14,36
cell_1492,8,13,1,2310,15,80
cell_1493,4,42,29,39,63,2151
cell_1494,7,9,9,711,1,29
cell_1495,17,22,15,52,938,5
cell_1496,8,53,8,20,13,464
cell_1497,1407,16,8,2,7,16
cell_1498,321,6,8,6,6,38
cell_1499,50,578,14,22,41,34
cell_1500,12,13,12,10,692,17
cell_1501,17,13,17,9,1172,1119
cell_1502,1,47,4,2,25,14
cell_1503,2,13,4,1124,23,22
cell_1504,28,29,20,1162,15,10
cell_1505,14,3,37,33,29,38
cell_1506,16,1036,19,8,46,16
cell_1507,8,1802,25,4,11,21
cell_1508,39,2,3,3,1874,11
cell_1509,8,1178,35,15,20,19
cell_1510,883,0,18,30,25,39
cell_1511,40,1215,13,26,8,18
cell_1512,21,14,0,63,1532,7
cell_1513,8,884,6,8,22,4
cell_1514,2249,21,10,1,17,29
cell_1515,2517,3,22,47,2,28
cell_1516,660,30,7,32,14,30
cell_1517,21,20,1448,0,6,6
cell_1518,19,1,15,1483,765,5
cell_1519,18,18,87,1250,103,9
cell_1520,25,2,7,3,893,10
cell_1521,7,34,19,21,1,957
cell_1522,612,25,33,16,88,12
cell_1523,7,443,3,14,29,13
cell_1524,1505,16,13,7,22,3
cell_1525,8,2,16,27,16,784
cell_1526,34,21,7,23,37,15
cell_1527,1958,1472,19,16,49,11
cell_1528,1475,13,16,12,51,14
cell_1529,7,5,1105,26,29,9
cell_1530,9,13,9,11,893,10
cell_1531,12,36,11,1420,33,0
cell_1532,12,39,1164,11,28,28
cell_1533,6,11,791,20,23,36
cell_1534,3,1,1080,28,13,6
cell_1535,11,1,23,24,7,1257
cell_1536,32,11,531,28,47,31
cell_1537,11,19,756,15,9,1927
cell_1538,4,26,23,5,843,1204
cell_1539,681,15,6,12,6,1046
cell_1540,657,31,34,632,4,30
cell_1541,4,37,14,21,1443,10
cell_1542,5,50,7,2,1341,7
cell_1543,19,21,10,20,810,16
cell_1544,28,19,1,32,31,732
cell_1545,36,25,946,18,31,3
cell_1546,18,1,19,43,12,210
cell_1547,7,801,50,24,26,33
cell_1548,21,21,23,10,4,1704
cell_1549,32,22,6,8,807,29
cell_1550,22,45,11,24,9,27
cell_1551,8,722,3,44,62,7
cell_1552,1078,2,1,18,29,9
cell_1553,56,12,33,10,495,13
cell_1554,46,13,20,11,586,1008
cell_1555,19,6,15,17,1005,12
cell_1556,2,30,6,807,14,6
cell_1557,8,606,5,11,5,601
cell_1558,1381,13,8,8,32,32
cell_1559,13,27,36,1,1866,13
cell_1560,456,35,8,14,7,14
cell_1561,5,69,819,20,32,1293
cell_1562,12,896,21,26,15,21
cell_1563,27,18,0,6,566,29
cell_1564,29,13,1546,10,0,1
cell_1565,19,2,32,7,1100,16
cell_1566,12,19,33,1,6,21
cell_1567,8,8,56,7,669,18
cell_1568,24,11,34,33,1051,30
cell_1569,26,13,35,27,903,22
cell_1570,17,19,10,17,1640,3
cell_1571,13,16,34,1402,14,52
cell_1572,16,370,14,4,10,1330
cell_1573,35,45,948,3,45,46
cell_1574,42,10,12,1247,1447,25
cell_1575,12,17,550,14,15,23
cell_1576,15,718,7,31,25,50
cell_1577,52,43,24,12,684,16
cell_1578,18,8,20,15,622,23
cell_1579,16,19,28,31,757,14
cell_1580,1074,16,56,15,5,18
cell_1581,3,21,5,8,39,1281
cell_1582,12,14,4,34,1740,2
cell_1583,1281,24,8,880,49,12
cell_1584,15,21,762,1,29,3
cell_1585,29,53,859,8,25,7
cell_1586,18,10,11,12,1108,3
cell_1587,7,36,27,4,790,17
cell_1588,5,10,15,47,22,17
cell_1589,46,32,52,12,22,65
cell_1590,1478,48,7,38,13,7
cell_1591,23,14,57,4,870,37
cell_1592,9,13,3,8,22,973
cell_1593,574,8,16,20,20,34
cell_1594,9,638,41,14,1,6
cell_1595,38,6,2157,33,21,14
cell_1596,85,5,4,10,1385,22
cell_1597,20,12,28,23,11,1447
cell_1598,6,14,1032,14,12,13
cell_1599,18,673,828,33,5,5
cell_1600,1741,16,66,18,25,36
cell_1601,35,11,42,946,995,36
cell_1602,2,18,551,8,11,4
cell_1603,25,38,1006,17,4,36
cell_1604,25,19,1549,15,13,1
cell_1605,810,4,16,8,12,4
cell_1606,525,10,13,17,8,5
cell_1607,2183,16,5,2,36,18
cell_1608,27,26,11,12,1189,25
cell_1609,16,21,1706,47,26,2
cell_1610,26,552,7,3,33,0
cell_1611,8,25,10,21,13,1661
cell_1612,15,1533,9,15,6,30
cell_1613,660,20,10,11,26,20
cell_1614,9,1,1213,39,12,29
cell_1615,25,29,52,4,1769,60
cell_1616,4,1321,81,11,31,36
cell_1617,1252,30,51,16,32,9
cell_1618,15,1706,37,783,3,42
cell_1619,4,18,26,5,8,1651
cell_1620,9,18,1073,12,618,24
cell_1621,971,5,81,19,9,6
cell_1622,11,0,1297,5,9,14
cell_1623,17,26,24,44,646,20
cell_1624,1610,23,15,17,15,15
cell_1625,843,20,9,46,9,24
cell_1626,11,32,1410,5,6,22
cell_1627,1548,14,13,14,19,751
cell_1628,26,654,10,25,27,2
cell_1629,539,52,13,51,12,26
cell_1630,24,12,17,20,88,28
cell_1631,1213,559,6,5,0,3
cell_1632,32,1044,43,9,38,16
cell_1633,4,1335,35,13,37,4
cell_1634,11,4,1698,11,21,11
cell_1635,5,12,1,39,35,1083
cell_1636,5,1027,9,2,15,24
cell_1637,19,11,26,958,34,9
cell_1638,17,10,14,1019,0,17
cell_1639,280,44,8,13,49,40
cell_1640,18,20,20,7,14,944
cell_1641,1272,30,1054,11,23,41
cell_1642,3,20,19,8,820,9
cell_1643,853,38,15,35,9,47
cell_1644,8,9,893,16,38,22
cell_1645,27,18,8,17,38,973
cell_1646,8,20,394,1,7,28
cell_1647,9,774,16,12,29,31
cell_1648,10,26,452,5,29,8
cell_1649,1421,675,28,31,5,15
cell_1650,48,4,7,22,1040,60
cell_1651,11,28,3,14,637,23
cell_1652,18,15,18,0,16,1206
cell_1653,14,23,638,21,32,20
cell_1654,8,24,36,33,972,14
cell_1655,14,14,514,31,20,6
cell_1656,24,8,24,1483,7,12
cell_1657,2669,22,8,9,14,14
cell_1658,1682,7,14,23,10,16
cell_1659,29,10,1005,15,38,43
cell_1660,12,922,17,11,32,4
cell_1661,94,27,7,2,1739,13
cell_1662,22,20,1036,16,15,37
cell_1663,30,4,16,17,930,25
cell_1664,17,17,0,44,12,1130
cell_1665,5,29,4,350,5,24
cell_1666,58,11,38,11,376,32
cell_1667,26,12,678,30,27,14
cell_1668,1285,75,1,34,33,6
cell_1669,14,1218,19,27,23,82
cell_1670,50,4,3,17,266,53
cell_1671,751,2,24,31,42,13
cell_1672,2,31,2090,10,8,11
cell_1673,15,2,22,5,19,23
cell_1674,797,4,15,41,36,7
cell_1675,15,1078,15,23,7,514
cell_1676,24,16,27,20,1,1151
cell_1677,38,16,22,28,856,25
cell_1678,26,38,23,7,5,873
cell_1679,28,34,664,900,19,30
cell_1680,58,38,15,7,35,1895
cell_1681,18,659,18,35,9,21
cell_1682,30,56,4,991,22,9
cell_1683,35,7,32,7,1233,34
cell_1684,2,59,15,1179,28,11
cell_1685,16,824,31,56,3,12
cell_1686,2716,43,17,8,28,12
cell_1687,16,7,0,32,19,1002
cell_1688,954,27,40,27,9,12
cell_1689,17,16,928,7,17,51
cell_1690,17,47,1536,32,10,15
cell_1691,19,11,2,1495,34,13
cell_1692,5,13,36,725,12,36
cell_1693,29,20,7,4,1095,15
cell_1694,51,52,6,607,36,14
cell_1695,876,38,21,0,8,5
cell_1696,1,19,25,888,14,34
cell_1697,3,34,11,1424,25,34
cell_1698,18,29,46,11,13,20
cell_1699,463,5,49,15,38,34
cell_1700,22,15,14,7,15,881
cell_1701,39,20,1564,13,76,28
cell_1702,16,25,803,3,24,27
cell_1703,928,4,16,11,20,16
cell_1704,2169,25,6,12,19,16
cell_1705,4,1296,7,1297,16,21
cell_1706,2,8,63,23,491,12
cell_1707,36,248,66,13,20,10
cell_1708,6,10,7,1278,50,29
cell_1709,15,1944,8,32,7,21
cell_1710,3,35,25,954,12,5
cell_1711,21,7,15,11,641,34
cell_1712,24,41,14,27,1942,3
cell_1713,7,42,1282,37,20,6
cell_1714,28,16,951,17,9,15
cell_1715,11,382,11,8,19,33
cell_1716,14,541,15,3,22,53
cell_1717,13,10,17,1590,36,33
cell_1718,33,58,19,23,15,627
cell_1719,17,41,47,3,25,880
cell_1720,16,26,16,9,17,790
cell_1721,8,29,30,23,10,1064
cell_1722,9,15,14,600,21,16
cell_1723,10,13,58,8,45,1119
cell_1724,1052,43,42,7,8,5
cell_1725,6,622,0,19,35,6
cell_1726,19,996,59,32,28,13
cell_1727,710,26,28,25,12,13
cell_1728,680,534,19,9,63,23
cell_1729,9,32,7,1390,9,15
cell_1730,1297,17,483,18,8,31
cell_1731,12,24,16,1564,31,5
cell_1732,20,5,25,4,771,17
cell_1733,5,11,18,21,10,1474
cell_1734,42,383,14,28,14,22
cell_1735,62,5,20,5,5,35
cell_1736,13,11,10,1635,7,26
cell_1737,31,26,9,7,777,9
cell_1738,9,641,78,39,21,6
cell_1739,15,30,41,775,18,12
cell_1740,18,1095,337,12,8,15
cell_1741,9,17,1092,5,11,15
cell_1742,1149,10,16,5,23,1041
cell_1743,11,19,5,12,3,885
cell_1744,4,17,13,14,1217,35
cell_1745,20,18,14,1421,9,8
cell_1746,8,770,29,11,20,1517
cell_1747,28,870,23,27,54,9
cell_1748,22,6,287,14,14,28
cell_1749,4,5,7,537,38,6
cell_1750,28,19,1098,42,6,46
cell_1751,11,12,45,23,30,745
cell_1752,1,12,9,927,8,6
cell_1753,39,11,17,444,6,21
cell_1754,15,11,12,26,61,930
cell_1755,11,23,19,6,29,669
cell_1756,24,930,19,21,5,14
cell_1757,22,29,621,15,14,14
cell_1758,18,57,1435,14,50,31
cell_1759,925,29,4,15,41,6
cell_1760,3,23,36,2051,12,7
cell_1761,7,48,6,11,1492,7
cell_1762,22,898,11,17,18,23
cell_1763,11,24,20,18,12,820
cell_1764,15,39,19,10,14,1911
cell_1765,19,5,22,33,6,21
cell_1766,31,14,7,16,1245,21
cell_1767,30,16,775,19,17,31
cell_1768,1202,6,477,11,9,7
cell_1769,8,696,14,23,14,17
cell_1770,25,29,25,6,366,4
cell_1771,13,433,26,56,2015,15
cell_1772,35,18,7,30,57,1326
cell_1773,578,35,54,20,46,22
cell_1774,14,46,7,1113,1,28
cell_1775,13,9,7,26,2,876
cell_1776,5,1102,35,29,27,9
cell_1777,20,44,676,6,33,23
cell_1778,802,7,9,2,17,6
cell_1779,1082,9,15,2,6,21
cell_1780,22,13,12,856,10,3
cell_1781,25,22,61,259,23,26
cell_1782,15,2039,79,19,30,6
cell_1783,16,1608,49,31,13,41
cell_1784,23,28,5,1703,5,37
cell_1785,26,13,7,587,15,3
cell_1786,1,31,14,558,26,40
cell_1787,9,8,12,8,958,2
cell_1788,21,2,25,913,20,14
cell_1789,25,38,24,19,875,69
cell_1790,14,40,26,6,1098,26
cell_1791,9,27,20,707,48,13
cell_1792,39,11,7,55,264,28
cell_1793,11,10,1867,6,11,7
cell_1794,38,13,33,25,1407,20
cell_1795,13,39,805,6,57,12
cell_1796,17,41,24,966,27,12
cell_1797,13,34,21,21,59,59
cell_1798,3,16,13,3,973,35
cell_1799,2291,16,18,4,7,12
cell_1800,21,20,29,29,625,2
cell_1801,10,19,44,1035,47,38
cell_1802,2349,21,9,38,25,17
cell_1803,16,19,32,1215,19,30
cell_1804,32,11,58,21,355,27
cell_1805,2,5,18,643,27,22
cell_1806,25,15,1,18,40,1292
cell_1807,3,7,51,6,918,27
cell_1808,13,18,27,19,2108,12
cell_1809,14,5,9,21,1485,41
cell_1810,658,28,43,7,54,36
cell_1811,19,7,45,13,17,10
cell_1812,38,34,48,1,883,13
cell_1813,17,952,12,12,34,809
cell_1814,21,45,85,1337,20,7
cell_1815,997,4,8,5,37,22
cell_1816,22,11,10,1390,15,30
cell_1817,10,16,1,1505,44,5
cell_1818,8,5,3,8,26,674
cell_1819,14,81,21,29,1583,30
cell_1820,11,15,72,75,7,12
cell_1821,52,11,11,17,492,9
cell_1822,41,25,4,926,23,1273
cell_1823,15,403,11,18,3,6
cell_1824,18,775,29,7,25,23
cell_1825,13,559,2,8,3,17
cell_1826,3,12,1299,42,7,35
cell_1827,640,8,15,0,68,11
cell_1828,45,11,20,18,537,27
cell_1829,16,37,18,29,40,502
cell_1830,20,1399,28,18,18,6
cell_1831,594,695,21,21,17,7
cell_1832,19,19,4,5,478,1
cell_1833,29,37,8,30,24,818
cell_1834,7,1355,12,13,23,22
cell_1835,75,6,4,8,802,1
cell_1836,19,6,580,30,5,17
cell_1837,1303,16,11,14,8,11
cell_1838,7,19,30,71,23,1538
cell_1839,41,12,761,1,6,10
cell_1840,79,21,1794,8,51,8
cell_1841,26,17,24,4,808,41
cell_1842,9,26,13,1047,3,37
cell_1843,11,44,36,1890,26,17
cell_1844,4,4,30,6,25,1051
cell_1845,11,784,15,86,11,37
cell_1846,37,29,21,10,1208,20
cell_1847,36,434,9,28,16,7
cell_1848,25,881,29,30,7,9
cell_1849,20,4,25,16,63,25
cell_1850,37,1898,1,10,15,41
cell_1851,6,40,45,16,3,1760
cell_1852,18,15,1,6,2191,20
cell_1853,492,16,37,6,10,6
cell_1854,28,16,19,22,921,13
cell_1855,52,8,31,21,15,690
cell_1856,43,20,586,20,15,17
cell_1857,15,1,16,26,553,22
cell_1858,881,31,13,42,11,5
cell_1859,4,899,10,14,22,21
cell_1860,14,7,37,6,864,19
cell_1861,1022,4,18,9,6,42
cell_1862,47,20,16,33,594,30
cell_1863,6,1372,12,6,21,7
cell_1864,574,20,20,33,16,28
cell_1865,9,2,54,44,1070,21
cell_1866,19,10,34,28,1170,14
cell_1867,63,12,27,54,11,903
cell_1868,3,12,10,806,23,38
cell_1869,9,29,12,42,3,777
cell_1870,20,29,1121,8,10,6
cell_1871,52,9,19,11,40,1321
cell_1872,18,535,24,6,25,7
cell_1873,5,37,21,10,1072,14
cell_1874,6,30,12,20,22,1085
cell_1875,4,47,21,23,986,10
cell_1876,1,41,1368,8,52,6
cell_1877,47,35,12,1063,24,13
cell_1878,14,13,8,6,12,13
cell_1879,19,10,33,10,26,1067
cell_1880,795,27,21,33,6,13
cell_1881,31,4,1023,7,15,36
cell_1882,25,11,1,323,17,1
cell_1883,20,28,11,2772,26,7
cell_1884,33,9,10,15,4,1177
cell_1885,16,4,23,11,244,13
cell_1886,10,3,2,7,842,34
cell_1887,15,9,22,59,2,1791
cell_1888,13,10,10,2,9,1101
cell_1889,16,43,878,5,35,28
cell_1890,39,23,30,30,7,705
cell_1891,29,14,24,53,11,461
cell_1892,26,8,9,11,473,8
cell_1893,525,25,42,5,23,5
cell_1894,16,40,5,27,954,23
cell_1895,27,15,16,14,876,2
cell_1896,44,942,18,16,0,7
cell_1897,1110,3,19,1,28,27
cell_1898,18,34,20,6,5,825
cell_1899,21,15,1097,5,15,39
cell_1900,19,1718,6,5,28,37
cell_1901,35,14,25,11,10,680
cell_1902,3,17,14,1573,29,17
cell_1903,23,7,26,9,1218,18
cell_1904,24,54,4,1,851,6
cell_1905,1180,4,28,11,12,17
cell_1906,13,628,3,5,31,32
cell_1907,41,18,20,7,11,2
cell_1908,1555,31,6,14,53,7
cell_1909,17,29,29,16,15,794
cell_1910,415,16,27,4,8,16
cell_1911,11,46,20,27,628,38
cell_1912,1843,25,10,1073,17,57
cell_1913,21,14,40,760,11,3
cell_1914,65,11,7,17,8,8
cell_1915,17,944,13,43,39,18
cell_1916,4,18,29,851,27,7
cell_1917,14,938,6,15,103,11
cell_1918,17,12,19,2,8,698
cell_1919,21,17,1314,20,4,39
cell_1920,14,2,10,18,1335,10
cell_1921,1635,17,15,16,3,1577
cell_1922,40,3,605,8,20,2
cell_1923,1051,27,16,12,23,6
cell_1924,14,11,13,1,16,1116
cell_1925,869,28,4,19,32,17
cell_1926,1131,54,17,14,6,12
cell_1927,26,9,22,1967,33,9
cell_1928,9,63,9,491,21,11
cell_1929,12,9,3,4,807,2
cell_1930,36,763,2,34,36,4
cell_1931,10,21,20,675,19,34
cell_1932,5,915,18,30,14,34
cell_1933,686,6,700,43,58,9
cell_1934,7,1245,8,2,39,2
cell_1935,3,11,29,28,478,10
cell_1936,3,12,1739,33,4,9
cell_1937,1090,1,5,16,69,17
cell_1938,684,24,14,12,28,0
cell_1939,22,12,54,12,1009,27
cell_1940,9,32,30,804,17,18
cell_1941,1676,32,3,51,66,27
cell_1942,18,16,3,20,5,1627
cell_1943,14,19,44,19,10,659
cell_1944,6,29,11,33,602,10
cell_1945,17,33,12,13,33,1133
cell_1946,9,63,822,8,9,13
cell_1947,9,33,245,3,13,1
cell_1948,45,10,12,18,1255,37
cell_1949,1,1233,8,24,52,25
cell_1950,18,9,8,1844,15,13
cell_1951,4,11,10,14,1191,20
cell_1952,0,1281,4,53,18,36
cell_1953,27,30,13,12,37,558
cell_1954,12,1296,8,51,13,14
cell_1955,856,18,8,1186,108,11
cell_1956,25,11,13,574,23,15
cell_1957,27,8,7,25,10,869
cell_1958,1035,9,8,12,26,15
cell_1959,48,3,19,602,13,27
cell_1960,52,865,9,53,24,44
cell_1961,24,13,17,539,10,29
cell_1962,26,420,10,57,27,9
cell_1963,3,27,36,30,40,215
cell_1964,489,34,20,20,40,1255
cell_1965,18,26,22,16,628,16
cell_1966,17,7,426,382,14,7
cell_1967,0,23,38,682,21,15
cell_1968,1510,4,28,10,21,25
cell_1969,13,33,623,1273,17,1
cell_1970,540,19,16,27,11,17
cell_1971,9,36,10,1150,10,12
cell_1972,47,10,888,28,11,35
cell_1973,13,16,495,12,3,2500
cell_1974,3,21,6,18,22,732
cell_1975,52,73,13,6,26,1295
cell_1976,23,19,947,22,36,17
cell_1977,523,7,13,41,11,12
cell_1978,20,32,37,829,6,23
cell_1979,5,56,6,1410,10,43
cell_1980,34,10,17,11,15,925
cell_1981,27,774,19,17,20,4
cell_1982,23,1105,39,15,15,14
cell_1983,26,15,588,32,16,5
cell_1984,9,20,386,3,13,13
cell_1985,73,50,46,30,31,739
cell_1986,22,15,6,2029,9,13
cell_1987,9,11,23,3,1214,18
cell_1988,27,8,10,1028,3,25
cell_1989,12,24,1089,9,12,17
cell_1990,17,952,27,32,19,4
cell_1991,854,9,35,64,8,16
cell_1992,5,25,22,18,18,15
cell_1993,243,48,8,8,9,5
cell_1994,13,42,1,33,551,6
cell_1995,47,22,17,7,8,701
cell_1996,20,39,5,1104,14,14
cell_1997,8,17,5,19,8,988
cell_1998,5,18,15,52,1271,7
cell_1999,482,19,0,18,11,4
cell_2000,17,32,10,956,18,18
