,truth
cell_1,tag_1
cell_2,multiplet
cell_3,tag_6
cell_4,negative
cell_5,multiplet
cell_6,tag_5
cell_7,tag_4
cell_8,tag_3
cell_9,tag_2
cell_10,tag_5
cell_11,multiplet
cell_12,tag_1
cell_13,tag_2
cell_14,tag_4
cell_15,tag_3
cell_16,tag_5
cell_17,tag_3
cell_18,tag_2
cell_19,negative
cell_20,tag_4
cell_21,tag_3
cell_22,tag_1
cell_23,tag_6
cell_24,tag_1
cell_25,tag_2
cell_26,tag_3
cell_27,tag_5
cell_28,multiplet
cell_29,tag_3
cell_30,multiplet
cell_31,tag_3
cell_32,tag_4
cell_33,tag_5
cell_34,negative
cell_35,tag_2
cell_36,tag_1
cell_37,tag_4
cell_38,tag_1
cell_39,tag_1
cell_40,tag_2
cell_41,tag_2
cell_42,tag_2
cell_43,tag_2
cell_44,tag_2
cell_45,tag_1
cell_46,tag_3
cell_47,tag_2
cell_48,tag_2
cell_49,tag_6
cell_50,tag_6
cell_51,multiplet
cell_52,tag_6
cell_53,negative
cell_54,tag_3
cell_55,tag_1
cell_56,tag_3
cell_57,tag_1
cell_58,tag_6
cell_59,tag_6
cell_60,tag_3
cell_61,tag_4
cell_62,tag_2
cell_63,tag_5
cell_64,tag_2
cell_65,tag_6
cell_66,tag_6
cell_67,tag_6
cell_68,multiplet
cell_69,tag_3
cell_70,tag_4
cell_71,tag_1
cell_72,tag_6
cell_73,tag_2
cell_74,tag_2
cell_75,tag_4
cell_76,tag_2
cell_77,tag_3
cell_78,tag_1
cell_79,tag_6
cell_80,tag_1
cell_81,tag_3
cell_82,tag_5
cell_83,tag_4
cell_84,tag_6
cell_85,multiplet
cell_86,tag_2
cell_87,tag_1
cell_88,tag_5
cell_89,tag_5
cell_90,tag_6
cell_91,tag_1
cell_92,tag_5
cell_93,tag_5
cell_94,tag_3
cell_95,tag_3
cell_96,tag_4
cell_97,tag_6
cell_98,tag_2
cell_99,tag_1
cell_100,multiplet
cell_101,negative
cell_102,tag_2
cell_103,tag_3
cell_104,tag_4
cell_105,negative
cell_106,tag_4
cell_107,tag_6
cell_108,tag_5
cell_109,tag_5
cell_110,tag_5
cell_111,tag_3
cell_112,tag_6
cell_113,tag_2
cell_114,tag_1
cell_115,tag_2
cell_116,tag_5
cell_117,tag_6
cell_118,tag_3
cell_119,tag_5
cell_120,tag_6
cell_121,tag_6
cell_122,tag_4
cell_123,multiplet
cell_124,tag_6
cell_125,negative
cell_126,tag_5
cell_127,tag_6
cell_128,tag_3
cell_129,tag_3
cell_130,tag_5
cell_131,negative
cell_132,negative
cell_133,tag_5
cell_134,tag_1
cell_135,multiplet
cell_136,multiplet
cell_137,tag_1
cell_138,multiplet
cell_139,tag_5
cell_140,tag_6
cell_141,tag_3
cell_142,tag_5
cell_143,tag_1
cell_144,tag_4
cell_145,tag_3
cell_146,tag_3
cell_147,tag_1
cell_148,tag_4
cell_149,tag_4
cell_150,tag_6
cell_151,multiplet
cell_152,tag_6
cell_153,multiplet
cell_154,tag_1
cell_155,tag_4
cell_156,tag_2
cell_157,tag_3
cell_158,tag_3
cell_159,tag_1
cell_160,tag_4
cell_161,tag_6
cell_162,tag_1
cell_163,tag_2
cell_164,tag_2
cell_165,tag_6
cell_166,tag_2
cell_167,tag_2
cell_168,tag_6
cell_169,tag_1
cell_170,tag_5
cell_171,tag_1
cell_172,tag_2
cell_173,tag_1
cell_174,tag_6
cell_175,tag_3
cell_176,tag_4
cell_177,tag_3
cell_178,tag_6
cell_179,tag_1
cell_180,tag_4
cell_181,tag_5
cell_182,tag_3
cell_183,tag_4
cell_184,tag_2
cell_185,tag_3
cell_186,tag_4
cell_187,tag_6
cell_188,tag_2
cell_189,tag_6
cell_190,tag_6
cell_191,tag_2
cell_192,multiplet
cell_193,multiplet
cell_194,tag_1
cell_195,tag_4
cell_196,tag_2
cell_197,tag_4
cell_198,multiplet
cell_199,tag_5
cell_200,tag_3
cell_201,tag_1
cell_202,tag_3
cell_203,tag_3
cell_204,tag_6
cell_205,tag_6
cell_206,tag_3
cell_207,tag_4
cell_208,tag_3
cell_209,tag_6
cell_210,tag_2
cell_211,tag_5
cell_212,tag_2
cell_213,tag_1
cell_214,tag_4
cell_215,tag_6
cell_216,tag_6
cell_217,tag_1
cell_218,tag_5
cell_219,tag_5
cell_220,multiplet
cell_221,tag_5
cell_222,multiplet
cell_223,tag_5
cell_224,tag_4
cell_225,tag_2
cell_226,tag_2
cell_227,tag_4
cell_228,tag_5
cell_229,negative
cell_230,tag_5
cell_231,tag_2
cell_232,tag_4
cell_233,tag_5
cell_234,tag_5
cell_235,tag_2
cell_236,tag_3
cell_237,multiplet
cell_238,negative
cell_239,tag_4
cell_240,tag_5
cell_241,tag_6
cell_242,tag_1
cell_243,tag_5
cell_244,tag_3
cell_245,negative
cell_246,tag_6
cell_247,tag_3
cell_248,tag_6
cell_249,tag_3
cell_250,tag_2
cell_251,tag_3
cell_252,tag_5
cell_253,tag_6
cell_254,tag_2
cell_255,tag_2
cell_256,tag_3
cell_257,tag_5
cell_258,tag_6
cell_259,tag_5
cell_260,tag_1
cell_261,tag_6
cell_262,tag_6
cell_263,tag_3
cell_264,negative
cell_265,negative
cell_266,tag_3
cell_267,tag_1
cell_268,tag_4
cell_269,tag_4
cell_270,tag_1
cell_271,tag_3
cell_272,tag_5
cell_273,negative
cell_274,tag_6
cell_275,tag_6
cell_276,tag_3
cell_277,tag_4
cell_278,tag_4
cell_279,tag_1
cell_280,tag_1
cell_281,tag_1
cell_282,tag_6
cell_283,tag_5
cell_284,tag_5
cell_285,tag_5
cell_286,tag_2
cell_287,tag_6
cell_288,tag_6
cell_289,tag_1
cell_290,tag_2
cell_291,tag_5
cell_292,tag_3
cell_293,tag_1
cell_294,tag_1
cell_295,tag_3
cell_296,tag_3
cell_297,tag_5
cell_298,tag_1
cell_299,multiplet
cell_300,tag_3
cell_301,tag_2
cell_302,tag_4
cell_303,tag_6
cell_304,tag_6
cell_305,tag_6
cell_306,tag_3
cell_307,tag_4
cell_308,tag_6
cell_309,tag_3
cell_310,tag_4
cell_311,tag_1
cell_312,tag_4
cell_313,tag_1
cell_314,tag_6
cell_315,tag_4
cell_316,tag_2
cell_317,tag_2
cell_318,tag_1
cell_319,tag_1
cell_320,multiplet
cell_321,tag_3
cell_322,tag_5
cell_323,tag_2
cell_324,tag_6
cell_325,tag_3
cell_326,tag_4
cell_327,tag_3
cell_328,tag_2
cell_329,tag_1
cell_330,tag_5
cell_331,tag_3
cell_332,tag_3
cell_333,tag_3
cell_334,tag_5
cell_335,tag_5
cell_336,tag_1
cell_337,tag_1
cell_338,multiplet
cell_339,multiplet
cell_340,tag_2
cell_341,tag_3
cell_342,tag_2
cell_343,tag_1
cell_344,tag_6
cell_345,negative
cell_346,tag_6
cell_347,negative
cell_348,tag_5
cell_349,multiplet
cell_350,tag_1
cell_351,tag_5
cell_352,tag_3
cell_353,tag_6
cell_354,tag_3
cell_355,tag_4
cell_356,negative
cell_357,tag_2
cell_358,tag_4
cell_359,tag_1
cell_360,tag_6
cell_361,tag_3
cell_362,negative
cell_363,tag_5
cell_364,tag_3
cell_365,negative
cell_366,tag_3
cell_367,tag_6
cell_368,tag_2
cell_369,tag_2
cell_370,tag_6
cell_371,tag_5
cell_372,multiplet
cell_373,tag_2
cell_374,tag_1
cell_375,tag_4
cell_376,tag_2
cell_377,tag_5
cell_378,tag_4
cell_379,negative
cell_380,tag_4
cell_381,negative
cell_382,multiplet
cell_383,tag_6
cell_384,tag_6
cell_385,negative
cell_386,tag_1
cell_387,tag_3
cell_388,tag_1
cell_389,tag_4
cell_390,tag_1
cell_391,multiplet
cell_392,tag_1
cell_393,tag_3
cell_394,tag_6
cell_395,tag_1
cell_396,negative
cell_397,tag_5
cell_398,tag_3
cell_399,tag_3
cell_400,tag_5
cell_401,tag_5
cell_402,tag_3
cell_403,negative
cell_404,multiplet
cell_405,tag_2
cell_406,tag_2
cell_407,tag_5
cell_408,tag_5
cell_409,tag_3
cell_410,multiplet
cell_411,tag_6
cell_412,tag_2
cell_413,tag_6
cell_414,negative
cell_415,tag_5
cell_416,tag_3
cell_417,tag_3
cell_418,tag_1
cell_419,tag_4
cell_420,tag_5
cell_421,tag_3
cell_422,tag_2
cell_423,tag_6
cell_424,negative
cell_425,tag_6
cell_426,tag_3
cell_427,tag_6
cell_428,tag_2
cell_429,tag_1
cell_430,tag_1
cell_431,multiplet
cell_432,tag_5
cell_433,tag_1
cell_434,multiplet
cell_435,multiplet
cell_436,tag_5
cell_437,tag_1
cell_438,tag_3
cell_439,tag_2
cell_440,tag_1
cell_441,tag_3
cell_442,tag_6
cell_443,tag_2
cell_444,tag_5
cell_445,tag_2
cell_446,tag_5
cell_447,tag_2
cell_448,tag_5
cell_449,tag_6
cell_450,tag_6
cell_451,tag_4
cell_452,tag_3
cell_453,negative
cell_454,tag_3
cell_455,multiplet
cell_456,tag_2
cell_457,tag_5
cell_458,tag_4
cell_459,tag_3
cell_460,tag_6
cell_461,tag_6
cell_462,tag_4
cell_463,tag_6
cell_464,tag_3
cell_465,tag_1
cell_466,tag_3
cell_467,tag_5
cell_468,tag_5
cell_469,tag_4
cell_470,tag_6
cell_471,tag_3
cell_472,tag_5
cell_473,tag_6
cell_474,tag_6
cell_475,tag_2
cell_476,tag_4
cell_477,multiplet
cell_478,tag_5
cell_479,tag_5
cell_480,tag_4
cell_481,tag_1
cell_482,tag_4
cell_483,tag_3
cell_484,tag_5
cell_485,tag_4
cell_486,tag_4
cell_487,tag_2
cell_488,tag_3
cell_489,tag_4
cell_490,tag_1
cell_491,tag_5
cell_492,tag_2
cell_493,tag_5
cell_494,tag_2
cell_495,tag_6
cell_496,tag_5
cell_497,tag_6
cell_498,tag_4
cell_499,tag_6
cell_500,tag_5
cell_501,negative
cell_502,tag_6
cell_503,tag_6
cell_504,tag_6
cell_505,tag_5
cell_506,tag_5
cell_507,tag_1
cell_508,tag_3
cell_509,tag_5
cell_510,tag_1
cell_511,multiplet
cell_512,tag_5
cell_513,tag_6
cell_514,multiplet
cell_515,tag_5
cell_516,multiplet
cell_517,tag_5
cell_518,tag_3
cell_519,tag_4
cell_520,tag_5
cell_521,tag_6
cell_522,tag_1
cell_523,tag_4
cell_524,tag_1
cell_525,multiplet
cell_526,tag_5
cell_527,multiplet
cell_528,tag_2
cell_529,negative
cell_530,tag_4
cell_531,tag_2
cell_532,tag_2
cell_533,tag_3
cell_534,tag_6
cell_535,tag_2
cell_536,tag_2
cell_537,tag_4
cell_538,tag_5
cell_539,tag_3
cell_540,tag_2
cell_541,tag_4
cell_542,tag_1
cell_543,tag_5
cell_544,tag_5
cell_545,tag_6
cell_546,tag_6
cell_547,tag_6
cell_548,tag_1
cell_549,tag_1
cell_550,tag_6
cell_551,tag_2
cell_552,tag_4
cell_553,tag_1
cell_554,tag_4
cell_555,tag_4
cell_556,tag_5
cell_557,tag_3
cell_558,tag_2
cell_559,tag_5
cell_560,tag_5
cell_561,negative
cell_562,tag_2
cell_563,tag_2
cell_564,tag_5
cell_565,tag_6
cell_566,tag_2
cell_567,tag_6
cell_568,tag_1
cell_569,tag_5
cell_570,tag_4
cell_571,tag_4
cell_572,tag_3
cell_573,tag_6
cell_574,tag_3
cell_575,tag_4
cell_576,tag_3
cell_577,tag_5
cell_578,tag_3
cell_579,multiplet
cell_580,tag_1
cell_581,tag_5
cell_582,tag_2
cell_583,multiplet
cell_584,tag_6
cell_585,negative
cell_586,tag_3
cell_587,tag_2
cell_588,tag_6
cell_589,tag_2
cell_590,tag_5
cell_591,multiplet
cell_592,tag_5
cell_593,tag_3
cell_594,tag_6
cell_595,tag_5
cell_596,tag_6
cell_597,tag_5
cell_598,tag_2
cell_599,tag_6
cell_600,tag_6
cell_601,tag_6
cell_602,tag_1
cell_603,tag_3
cell_604,tag_5
cell_605,negative
cell_606,tag_5
cell_607,tag_3
cell_608,tag_5
cell_609,tag_3
cell_610,tag_6
cell_611,tag_5
cell_612,tag_4
cell_613,tag_2
cell_614,tag_5
cell_615,tag_4
cell_616,tag_1
cell_617,tag_5
cell_618,tag_1
cell_619,tag_3
cell_620,tag_6
cell_621,tag_1
cell_622,tag_1
cell_623,tag_1
cell_624,tag_5
cell_625,tag_2
cell_626,tag_2
cell_627,tag_1
cell_628,tag_3
cell_629,tag_1
cell_630,tag_1
cell_631,tag_1
cell_632,tag_5
cell_633,tag_2
cell_634,tag_6
cell_635,tag_1
cell_636,tag_1
cell_637,tag_1
cell_638,tag_5
cell_639,tag_1
cell_640,tag_6
cell_641,tag_6
cell_642,tag_1
cell_643,tag_2
cell_644,tag_4
cell_645,tag_4
cell_646,tag_1
cell_647,tag_2
cell_648,tag_6
cell_649,tag_4
cell_650,tag_2
cell_651,tag_2
cell_652,tag_5
cell_653,tag_4
cell_654,tag_1
cell_655,tag_5
cell_656,tag_4
cell_657,tag_5
cell_658,tag_4
cell_659,tag_3
cell_660,tag_6
cell_661,tag_2
cell_662,tag_3
cell_663,tag_4
cell_664,tag_5
cell_665,tag_3
cell_666,tag_3
cell_667,multiplet
cell_668,tag_6
cell_669,multiplet
cell_670,tag_4
cell_671,tag_5
cell_672,multiplet
cell_673,tag_3
cell_674,tag_4
cell_675,tag_4
cell_676,tag_1
cell_677,multiplet
cell_678,tag_2
cell_679,tag_3
cell_680,tag_5
cell_681,tag_5
cell_682,tag_4
cell_683,tag_3
cell_684,tag_3
cell_685,tag_6
cell_686,tag_1
cell_687,tag_6
cell_688,tag_2
cell_689,tag_4
cell_690,tag_1
cell_691,tag_4
cell_692,negative
cell_693,tag_5
cell_694,tag_4
cell_695,multiplet
cell_696,tag_1
cell_697,tag_5
cell_698,tag_5
cell_699,tag_5
cell_700,tag_6
cell_701,tag_6
cell_702,tag_2
cell_703,tag_2
cell_704,tag_5
cell_705,tag_1
cell_706,tag_6
cell_707,tag_6
cell_708,multiplet
cell_709,tag_1
cell_710,tag_2
cell_711,multiplet
cell_712,tag_3
cell_713,tag_3
cell_714,multiplet
cell_715,tag_3
cell_716,tag_2
cell_717,tag_3
cell_718,tag_6
cell_719,tag_4
cell_720,tag_1
cell_721,tag_2
cell_722,tag_3
cell_723,tag_4
cell_724,tag_5
cell_725,tag_4
cell_726,tag_1
cell_727,tag_4
cell_728,tag_3
cell_729,tag_1
cell_730,tag_2
cell_731,tag_6
cell_732,tag_5
cell_733,tag_2
cell_734,tag_6
cell_735,tag_5
cell_736,tag_6
cell_737,tag_1
cell_738,negative
cell_739,tag_4
cell_740,tag_5
cell_741,tag_4
cell_742,multiplet
cell_743,tag_4
cell_744,tag_2
cell_745,tag_3
cell_746,tag_6
cell_747,tag_4
cell_748,negative
cell_749,tag_6
cell_750,tag_3
cell_751,tag_6
cell_752,multiplet
cell_753,tag_3
cell_754,tag_6
cell_755,tag_4
cell_756,tag_1
cell_757,multiplet
cell_758,multiplet
cell_759,multiplet
cell_760,tag_3
cell_761,multiplet
cell_762,multiplet
cell_763,tag_3
cell_764,tag_3
cell_765,tag_6
cell_766,multiplet
cell_767,tag_2
cell_768,tag_3
cell_769,tag_1
cell_770,multiplet
cell_771,tag_1
cell_772,tag_5
cell_773,tag_1
cell_774,tag_5
cell_775,tag_3
cell_776,tag_5
cell_777,tag_6
cell_778,multiplet
cell_779,tag_3
cell_780,tag_2
cell_781,tag_6
cell_782,tag_4
cell_783,tag_2
cell_784,tag_2
cell_785,tag_6
cell_786,tag_3
cell_787,tag_3
cell_788,tag_6
cell_789,tag_2
cell_790,tag_1
cell_791,multiplet
cell_792,multiplet
cell_793,tag_2
cell_794,tag_2
cell_795,tag_1
cell_796,tag_2
cell_797,tag_5
cell_798,tag_3
cell_799,multiplet
cell_800,tag_2
cell_801,tag_5
cell_802,tag_2
cell_803,tag_4
cell_804,tag_6
cell_805,tag_3
cell_806,tag_2
cell_807,tag_1
cell_808,tag_2
cell_809,tag_6
cell_810,tag_2
cell_811,tag_6
cell_812,multiplet
cell_813,tag_4
cell_814,tag_1
cell_815,negative
cell_816,tag_6
cell_817,tag_5
cell_818,tag_6
cell_819,tag_2
cell_820,tag_1
cell_821,tag_6
cell_822,tag_3
cell_823,tag_4
cell_824,tag_3
cell_825,tag_4
cell_826,tag_1
cell_827,tag_5
cell_828,tag_2
cell_829,tag_6
cell_830,multiplet
cell_831,multiplet
cell_832,tag_5
cell_833,tag_2
cell_834,tag_2
cell_835,tag_1
cell_836,multiplet
cell_837,tag_1
cell_838,tag_1
cell_839,tag_4
cell_840,tag_4
cell_841,tag_5
cell_842,tag_5
cell_843,tag_2
cell_844,tag_6
cell_845,tag_2
cell_846,negative
cell_847,tag_3
cell_848,tag_4
cell_849,tag_6
cell_850,tag_3
cell_851,negative
cell_852,multiplet
cell_853,tag_1
cell_854,tag_4
cell_855,multiplet
cell_856,tag_5
cell_857,tag_1
cell_858,tag_5
cell_859,tag_6
cell_860,tag_1
cell_861,tag_2
cell_862,tag_5
cell_863,tag_6
cell_864,tag_4
cell_865,tag_2
cell_866,tag_6
cell_867,tag_1
cell_868,tag_6
cell_869,tag_6
cell_870,tag_3
cell_871,tag_1
cell_872,tag_5
cell_873,tag_6
cell_874,tag_1
cell_875,multiplet
cell_876,tag_6
cell_877,tag_4
cell_878,tag_1
cell_879,tag_2
cell_880,tag_2
cell_881,tag_6
cell_882,multiplet
cell_883,tag_2
cell_884,tag_5
cell_885,multiplet
cell_886,tag_2
cell_887,tag_3
cell_888,tag_5
cell_889,tag_5
cell_890,tag_4
cell_891,multiplet
cell_892,tag_6
cell_893,multiplet
cell_894,tag_5
cell_895,tag_2
cell_896,tag_1
cell_897,tag_5
cell_898,multiplet
cell_899,tag_2
cell_900,negative
cell_901,tag_5
cell_902,tag_2
cell_903,tag_5
cell_904,tag_5
cell_905,tag_4
cell_906,tag_3
cell_907,tag_1
cell_908,tag_1
cell_909,tag_2
cell_910,tag_1
cell_911,tag_6
cell_912,multiplet
cell_913,tag_6
cell_914,tag_3
cell_915,tag_1
cell_916,tag_2
cell_917,multiplet
cell_918,tag_4
cell_919,tag_1
cell_920,tag_1
cell_921,negative
cell_922,tag_1
cell_923,tag_1
cell_924,tag_5
cell_925,negative
cell_926,tag_4
cell_927,tag_1
cell_928,tag_3
cell_929,multiplet
cell_930,tag_5
cell_931,tag_4
cell_932,tag_1
cell_933,negative
cell_934,tag_5
cell_935,negative
cell_936,tag_4
cell_937,tag_4
cell_938,multiplet
cell_939,tag_1
cell_940,tag_6
cell_941,tag_3
cell_942,tag_4
cell_943,tag_6
cell_944,multiplet
cell_945,tag_1
cell_946,tag_4
cell_947,tag_2
cell_948,tag_6
cell_949,tag_4
cell_950,tag_4
cell_951,tag_6
cell_952,tag_1
cell_953,tag_3
cell_954,tag_3
cell_955,negative
cell_956,tag_6
cell_957,tag_4
cell_958,tag_5
cell_959,tag_2
cell_960,tag_2
cell_961,tag_4
cell_962,negative
cell_963,tag_4
cell_964,tag_4
cell_965,tag_4
cell_966,tag_2
cell_967,negative
cell_968,tag_3
cell_969,tag_2
cell_970,tag_2
cell_971,tag_5
cell_972,tag_3
cell_973,tag_6
cell_974,tag_6
cell_975,multiplet
cell_976,tag_2
cell_977,tag_4
cell_978,tag_1
cell_979,tag_2
cell_980,tag_1
cell_981,tag_4
cell_982,tag_3
cell_983,tag_4
cell_984,tag_1
cell_985,multiplet
cell_986,multiplet
cell_987,tag_3
cell_988,tag_1
cell_989,negative
cell_990,tag_6
cell_991,tag_1
cell_992,tag_1
cell_993,tag_4
cell_994,tag_4
cell_995,tag_1
cell_996,tag_5
cell_997,tag_2
cell_998,tag_5
cell_999,tag_3
cell_1000,tag_2
cell_1001,tag_4
cell_1002,tag_5
cell_1003,tag_3
cell_1004,tag_2
cell_1005,tag_6
cell_1006,negative
cell_1007,tag_1
cell_1008,tag_5
cell_1009,tag_5
cell_1010,tag_5
cell_1011,tag_2
cell_1012,tag_2
cell_1013,tag_1
cell_1014,tag_1
cell_1015,tag_3
cell_1016,tag_2
cell_1017,tag_3
cell_1018,negative
cell_1019,negative
cell_1020,multiplet
cell_1021,tag_6
cell_1022,negative
cell_1023,tag_5
cell_1024,tag_6
cell_1025,tag_3
cell_1026,tag_6
cell_1027,multiplet
cell_1028,tag_3
cell_1029,tag_6
cell_1030,tag_2
cell_1031,tag_1
cell_1032,tag_3
cell_1033,tag_2
cell_1034,tag_3
cell_1035,tag_2
cell_1036,tag_5
cell_1037,tag_5
cell_1038,tag_5
cell_1039,tag_5
cell_1040,tag_3
cell_1041,tag_5
cell_1042,tag_4
cell_1043,tag_6
cell_1044,tag_6
cell_1045,tag_3
cell_1046,tag_6
cell_1047,tag_4
cell_1048,tag_3
cell_1049,tag_5
cell_1050,tag_2
cell_1051,tag_2
cell_1052,multiplet
cell_1053,tag_3
cell_1054,tag_3
cell_1055,tag_5
cell_1056,tag_3
cell_1057,tag_3
cell_1058,tag_4
cell_1059,tag_5
cell_1060,tag_3
cell_1061,tag_4
cell_1062,multiplet
cell_1063,negative
cell_1064,tag_2
cell_1065,tag_2
cell_1066,tag_2
cell_1067,tag_2
cell_1068,tag_4
cell_1069,tag_2
cell_1070,multiplet
cell_1071,tag_3
cell_1072,negative
cell_1073,tag_5
cell_1074,tag_5
cell_1075,tag_3
cell_1076,tag_6
cell_1077,tag_4
cell_1078,tag_6
cell_1079,tag_3
cell_1080,tag_3
cell_1081,tag_6
cell_1082,tag_1
cell_1083,tag_3
cell_1084,tag_5
cell_1085,tag_1
cell_1086,tag_5
cell_1087,tag_3
cell_1088,tag_6
cell_1089,tag_4
cell_1090,tag_4
cell_1091,tag_6
cell_1092,tag_3
cell_1093,tag_4
cell_1094,tag_1
cell_1095,tag_1
cell_1096,tag_4
cell_1097,multiplet
cell_1098,tag_2
cell_1099,tag_3
cell_1100,tag_6
cell_1101,tag_5
cell_1102,tag_4
cell_1103,tag_5
cell_1104,multiplet
cell_1105,multiplet
cell_1106,tag_4
cell_1107,tag_4
cell_1108,tag_5
cell_1109,tag_4
cell_1110,negative
cell_1111,tag_1
cell_1112,tag_5
cell_1113,tag_2
cell_1114,tag_1
cell_1115,multiplet
cell_1116,tag_5
cell_1117,negative
cell_1118,tag_3
cell_1119,tag_5
cell_1120,tag_6
cell_1121,tag_2
cell_1122,tag_3
cell_1123,tag_5
cell_1124,tag_3
cell_1125,tag_4
cell_1126,tag_4
cell_1127,tag_2
cell_1128,tag_2
cell_1129,tag_6
cell_1130,tag_6
cell_1131,tag_6
cell_1132,tag_2
cell_1133,tag_5
cell_1134,tag_6
cell_1135,tag_3
cell_1136,tag_6
cell_1137,tag_3
cell_1138,tag_3
cell_1139,tag_3
cell_1140,tag_4
cell_1141,tag_1
cell_1142,tag_4
cell_1143,tag_3
cell_1144,tag_4
cell_1145,tag_4
cell_1146,tag_2
cell_1147,tag_2
cell_1148,tag_1
cell_1149,tag_3
cell_1150,tag_2
cell_1151,tag_3
cell_1152,tag_4
cell_1153,tag_3
cell_1154,tag_5
cell_1155,tag_5
cell_1156,tag_2
cell_1157,tag_6
cell_1158,tag_1
cell_1159,tag_4
cell_1160,tag_1
cell_1161,tag_4
cell_1162,multiplet
cell_1163,tag_5
cell_1164,tag_6
cell_1165,tag_5
cell_1166,tag_3
cell_1167,tag_3
cell_1168,tag_5
cell_1169,tag_6
cell_1170,tag_6
cell_1171,tag_3
cell_1172,tag_6
cell_1173,tag_5
cell_1174,tag_1
cell_1175,multiplet
cell_1176,tag_3
cell_1177,tag_1
cell_1178,tag_3
cell_1179,tag_6
cell_1180,tag_6
cell_1181,tag_6
cell_1182,tag_5
cell_1183,tag_5
cell_1184,tag_3
cell_1185,tag_3
cell_1186,tag_4
cell_1187,tag_1
cell_1188,tag_1
cell_1189,tag_4
cell_1190,negative
cell_1191,tag_1
cell_1192,tag_3
cell_1193,tag_1
cell_1194,tag_5
cell_1195,tag_2
cell_1196,tag_6
cell_1197,negative
cell_1198,tag_4
cell_1199,tag_5
cell_1200,multiplet
cell_1201,tag_5
cell_1202,tag_3
cell_1203,tag_5
cell_1204,tag_4
cell_1205,tag_3
cell_1206,tag_4
cell_1207,tag_6
cell_1208,tag_1
cell_1209,tag_4
cell_1210,multiplet
cell_1211,tag_2
cell_1212,tag_1
cell_1213,tag_6
cell_1214,tag_1
cell_1215,negative
cell_1216,tag_2
cell_1217,negative
cell_1218,tag_6
cell_1219,tag_1
cell_1220,negative
cell_1221,tag_6
cell_1222,tag_1
cell_1223,tag_3
cell_1224,tag_5
cell_1225,tag_4
cell_1226,negative
cell_1227,negative
cell_1228,tag_6
cell_1229,tag_5
cell_1230,tag_1
cell_1231,tag_5
cell_1232,tag_2
cell_1233,multiplet
cell_1234,multiplet
cell_1235,tag_3
cell_1236,tag_1
cell_1237,tag_1
cell_1238,tag_6
cell_1239,tag_2
cell_1240,tag_6
cell_1241,tag_2
cell_1242,tag_4
cell_1243,tag_2
cell_1244,tag_4
cell_1245,tag_3
cell_1246,tag_1
cell_1247,multiplet
cell_1248,tag_5
cell_1249,tag_3
cell_1250,tag_2
cell_1251,tag_2
cell_1252,tag_6
cell_1253,tag_6
cell_1254,tag_4
cell_1255,tag_3
cell_1256,tag_2
cell_1257,tag_4
cell_1258,multiplet
cell_1259,tag_3
cell_1260,tag_6
cell_1261,tag_6
cell_1262,tag_6
cell_1263,negative
cell_1264,tag_1
cell_1265,tag_5
cell_1266,tag_1
cell_1267,tag_6
cell_1268,tag_2
cell_1269,tag_4
cell_1270,tag_6
cell_1271,tag_4
cell_1272,negative
cell_1273,multiplet
cell_1274,tag_4
cell_1275,multiplet
cell_1276,tag_4
cell_1277,tag_1
cell_1278,tag_1
cell_1279,tag_6
cell_1280,tag_1
cell_1281,tag_3
cell_1282,tag_2
cell_1283,tag_2
cell_1284,tag_6
cell_1285,tag_5
cell_1286,tag_3
cell_1287,tag_4
cell_1288,tag_5
cell_1289,tag_6
cell_1290,tag_4
cell_1291,tag_4
cell_1292,tag_1
cell_1293,tag_4
cell_1294,tag_1
cell_1295,tag_1
cell_1296,tag_3
cell_1297,tag_4
cell_1298,multiplet
cell_1299,tag_6
cell_1300,tag_2
cell_1301,tag_5
cell_1302,tag_3
cell_1303,tag_1
cell_1304,tag_3
cell_1305,tag_3
cell_1306,tag_3
cell_1307,tag_6
cell_1308,tag_4
cell_1309,tag_1
cell_1310,tag_1
cell_1311,tag_4
cell_1312,tag_1
cell_1313,negative
cell_1314,multiplet
cell_1315,tag_1
cell_1316,multiplet
cell_1317,tag_6
cell_1318,tag_3
cell_1319,tag_2
cell_1320,tag_5
cell_1321,tag_1
cell_1322,tag_2
cell_1323,tag_6
cell_1324,negative
cell_1325,tag_1
cell_1326,tag_5
cell_1327,tag_3
cell_1328,tag_4
cell_1329,tag_1
cell_1330,negative
cell_1331,tag_6
cell_1332,tag_1
cell_1333,tag_4
cell_1334,tag_2
cell_1335,tag_4
cell_1336,tag_5
cell_1337,tag_2
cell_1338,negative
cell_1339,tag_5
cell_1340,tag_5
cell_1341,tag_3
cell_1342,tag_3
cell_1343,tag_2
cell_1344,tag_2
cell_1345,tag_6
cell_1346,tag_1
cell_1347,tag_4
cell_1348,tag_4
cell_1349,tag_4
cell_1350,tag_6
cell_1351,tag_4
cell_1352,tag_1
cell_1353,tag_5
cell_1354,multiplet
cell_1355,tag_2
cell_1356,tag_1
cell_1357,tag_1
cell_1358,tag_6
cell_1359,tag_3
cell_1360,tag_3
cell_1361,tag_2
cell_1362,tag_6
cell_1363,tag_5
cell_1364,tag_1
cell_1365,tag_4
cell_1366,tag_6
cell_1367,negative
cell_1368,tag_6
cell_1369,tag_4
cell_1370,tag_6
cell_1371,tag_1
cell_1372,tag_2
cell_1373,negative
cell_1374,multiplet
cell_1375,tag_6
cell_1376,tag_3
cell_1377,tag_4
cell_1378,tag_3
cell_1379,multiplet
cell_1380,tag_3
cell_1381,tag_6
cell_1382,tag_4
cell_1383,tag_2
cell_1384,tag_3
cell_1385,tag_5
cell_1386,multiplet
cell_1387,tag_2
cell_1388,tag_6
cell_1389,tag_6
cell_1390,tag_5
cell_1391,tag_1
cell_1392,multiplet
cell_1393,tag_4
cell_1394,tag_4
cell_1395,tag_5
cell_1396,multiplet
cell_1397,tag_3
cell_1398,tag_6
cell_1399,tag_3
cell_1400,tag_4
cell_1401,tag_1
cell_1402,tag_4
cell_1403,tag_4
cell_1404,tag_6
cell_1405,tag_1
cell_1406,multiplet
cell_1407,tag_1
cell_1408,tag_4
cell_1409,tag_4
cell_1410,tag_4
cell_1411,tag_6
cell_1412,tag_4
cell_1413,tag_5
cell_1414,tag_3
cell_1415,tag_6
cell_1416,tag_4
cell_1417,negative
cell_1418,tag_6
cell_1419,tag_1
cell_1420,tag_2
cell_1421,tag_5
cell_1422,tag_3
cell_1423,tag_4
cell_1424,tag_4
cell_1425,tag_2
cell_1426,tag_1
cell_1427,tag_6
cell_1428,tag_6
cell_1429,tag_2
cell_1430,tag_3
cell_1431,tag_1
cell_1432,tag_6
cell_1433,negative
cell_1434,tag_3
cell_1435,tag_4
cell_1436,tag_2
cell_1437,tag_6
cell_1438,tag_1
cell_1439,tag_5
cell_1440,tag_5
cell_1441,tag_1
cell_1442,tag_6
cell_1443,tag_4
cell_1444,tag_4
cell_1445,tag_1
cell_1446,tag_3
cell_1447,tag_6
cell_1448,negative
cell_1449,tag_4
cell_1450,tag_2
cell_1451,negative
cell_1452,tag_4
cell_1453,tag_6
cell_1454,tag_2
cell_1455,tag_6
cell_1456,tag_3
cell_1457,tag_6
cell_1458,tag_3
cell_1459,tag_5
cell_1460,tag_4
cell_1461,tag_4
cell_1462,tag_6
cell_1463,tag_5
cell_1464,tag_3
cell_1465,tag_3
cell_1466,tag_5
cell_1467,tag_1
cell_1468,tag_5
cell_1469,tag_1
cell_1470,tag_6
cell_1471,tag_5
cell_1472,tag_3
cell_1473,multiplet
cell_1474,multiplet
cell_1475,tag_1
cell_1476,tag_3
cell_1477,tag_6
cell_1478,tag_2
cell_1479,multiplet
cell_1480,tag_2
cell_1481,tag_3
cell_1482,multiplet
cell_1483,tag_2
cell_1484,tag_4
cell_1485,multiplet
cell_1486,tag_2
cell_1487,tag_4
cell_1488,tag_2
cell_1489,tag_3
cell_1490,tag_6
cell_1491,tag_4
cell_1492,tag_6
cell_1493,tag_6
cell_1494,tag_3
cell_1495,tag_2
cell_1496,tag_6
cell_1497,tag_1
cell_1498,tag_4
cell_1499,tag_4
cell_1500,tag_2
cell_1501,tag_5
cell_1502,negative
cell_1503,tag_5
cell_1504,tag_1
cell_1505,tag_5
cell_1506,tag_1
cell_1507,tag_2
cell_1508,tag_1
cell_1509,tag_3
cell_1510,negative
cell_1511,tag_2
cell_1512,tag_2
cell_1513,tag_3
cell_1514,tag_4
cell_1515,tag_4
cell_1516,tag_5
cell_1517,tag_2
cell_1518,tag_5
cell_1519,tag_6
cell_1520,tag_2
cell_1521,tag_5
cell_1522,tag_1
cell_1523,tag_4
cell_1524,tag_6
cell_1525,tag_3
cell_1526,tag_3
cell_1527,tag_4
cell_1528,tag_3
cell_1529,multiplet
cell_1530,tag_4
cell_1531,tag_5
cell_1532,negative
cell_1533,tag_5
cell_1534,tag_6
cell_1535,tag_6
cell_1536,tag_1
cell_1537,negative
cell_1538,tag_3
cell_1539,tag_2
cell_1540,tag_1
cell_1541,tag_3
cell_1542,tag_6
cell_1543,tag_1
cell_1544,tag_1
cell_1545,tag_1
cell_1546,tag_6
cell_1547,tag_4
cell_1548,tag_4
cell_1549,tag_6
cell_1550,tag_5
cell_1551,tag_4
cell_1552,tag_4
cell_1553,tag_4
cell_1554,tag_2
cell_1555,tag_3
cell_1556,tag_2
cell_1557,tag_4
cell_1558,tag_2
cell_1559,tag_1
cell_1560,tag_4
cell_1561,tag_6
cell_1562,tag_6
cell_1563,negative
cell_1564,tag_6
cell_1565,multiplet
cell_1566,multiplet
cell_1567,tag_3
cell_1568,tag_5
cell_1569,tag_3
cell_1570,multiplet
cell_1571,tag_1
cell_1572,tag_3
cell_1573,tag_6
cell_1574,tag_2
cell_1575,tag_6
cell_1576,tag_1
cell_1577,tag_2
cell_1578,tag_6
cell_1579,tag_6
cell_1580,tag_5
cell_1581,tag_6
cell_1582,tag_1
cell_1583,tag_6
cell_1584,tag_3
cell_1585,tag_6
cell_1586,tag_5
cell_1587,tag_4
cell_1588,tag_1
cell_1589,tag_6
cell_1590,tag_2
cell_1591,tag_3
cell_1592,tag_3
cell_1593,tag_5
cell_1594,tag_6
cell_1595,tag_3
cell_1596,tag_4
cell_1597,tag_6
cell_1598,tag_1
cell_1599,multiplet
cell_1600,tag_3
cell_1601,tag_3
cell_1602,tag_3
cell_1603,tag_1
cell_1604,tag_5
cell_1605,tag_1
cell_1606,multiplet
cell_1607,tag_2
cell_1608,tag_5
cell_1609,tag_6
cell_1610,tag_4
cell_1611,tag_1
cell_1612,tag_3
cell_1613,negative
cell_1614,tag_2
cell_1615,negative
cell_1616,tag_3
cell_1617,tag_3
cell_1618,tag_3
cell_1619,tag_4
cell_1620,tag_1
cell_1621,multiplet
cell_1622,negative
cell_1623,tag_3
cell_1624,tag_4
cell_1625,tag_6
cell_1626,tag_4
cell_1627,tag_2
cell_1628,tag_5
cell_1629,tag_6
cell_1630,tag_2
cell_1631,multiplet
cell_1632,tag_1
cell_1633,tag_3
cell_1634,tag_1
cell_1635,tag_4
cell_1636,tag_6
cell_1637,tag_6
cell_1638,tag_6
cell_1639,negative
cell_1640,tag_6
cell_1641,tag_5
cell_1642,tag_5
cell_1643,tag_1
cell_1644,tag_1
cell_1645,multiplet
cell_1646,tag_1
cell_1647,tag_3
cell_1648,tag_2
cell_1649,multiplet
cell_1650,multiplet
cell_1651,tag_6
cell_1652,tag_6
cell_1653,tag_4
cell_1654,tag_1
cell_1655,tag_2
cell_1656,tag_3
cell_1657,tag_5
cell_1658,tag_6
cell_1659,tag_1
cell_1660,tag_1
cell_1661,multiplet
cell_1662,multiplet
cell_1663,tag_2
cell_1664,tag_1
cell_1665,tag_4
cell_1666,tag_1
cell_1667,tag_1
cell_1668,tag_6
cell_1669,tag_4
cell_1670,tag_3
cell_1671,tag_5
cell_1672,tag_5
cell_1673,tag_6
cell_1674,tag_3
cell_1675,multiplet
cell_1676,multiplet
cell_1677,tag_6
cell_1678,tag_2
cell_1679,tag_1
cell_1680,tag_6
cell_1681,tag_6
cell_1682,negative
cell_1683,multiplet
cell_1684,tag_6
cell_1685,tag_1
cell_1686,tag_1
cell_1687,multiplet
cell_1688,tag_3
cell_1689,tag_3
cell_1690,tag_4
cell_1691,tag_3
cell_1692,tag_4
cell_1693,tag_3
cell_1694,tag_1
cell_1695,tag_4
cell_1696,tag_6
cell_1697,multiplet
cell_1698,tag_1
cell_1699,tag_6
cell_1700,tag_1
cell_1701,tag_3
cell_1702,tag_1
cell_1703,tag_2
cell_1704,tag_1
cell_1705,tag_4
cell_1706,tag_1
cell_1707,tag_6
cell_1708,tag_1
cell_1709,negative
cell_1710,tag_2
cell_1711,tag_6
cell_1712,tag_5
cell_1713,tag_6
cell_1714,tag_5
cell_1715,tag_1
cell_1716,tag_1
cell_1717,tag_3
cell_1718,multiplet
cell_1719,tag_2
cell_1720,tag_2
cell_1721,tag_6
cell_1722,multiplet
cell_1723,tag_5
cell_1724,tag_2
cell_1725,tag_5
cell_1726,tag_5
cell_1727,tag_2
cell_1728,tag_4
cell_1729,tag_3
cell_1730,tag_3
cell_1731,tag_6
cell_1732,tag_2
cell_1733,tag_4
cell_1734,tag_2
cell_1735,tag_3
cell_1736,tag_3
cell_1737,tag_5
cell_1738,tag_2
cell_1739,multiplet
cell_1740,tag_2
cell_1741,tag_4
cell_1742,tag_4
cell_1743,tag_2
cell_1744,tag_1
cell_1745,tag_5
cell_1746,tag_5
cell_1747,tag_1
cell_1748,tag_6
cell_1749,tag_4
cell_1750,tag_3
cell_1751,tag_2
cell_1752,tag_5
cell_1753,tag_4
cell_1754,tag_4
cell_1755,tag_3
cell_1756,tag_2
cell_1757,negative
cell_1758,tag_5
cell_1759,tag_1
cell_1760,tag_2
cell_1761,tag_2
cell_1762,tag_5
cell_1763,tag_4
cell_1764,tag_3
cell_1765,tag_1
cell_1766,tag_4
cell_1767,negative
cell_1768,tag_5
cell_1769,tag_6
cell_1770,tag_2
cell_1771,tag_4
cell_1772,multiplet
cell_1773,tag_4
cell_1774,tag_5
cell_1775,tag_5
cell_1776,multiplet
cell_1777,tag_6
cell_1778,tag_1
cell_1779,tag_5
cell_1780,multiplet
cell_1781,tag_2
cell_1782,tag_1
cell_1783,tag_5
cell_1784,tag_1
cell_1785,tag_1
cell_1786,tag_4
cell_1787,tag_2
cell_1788,tag_5
cell_1789,tag_6
cell_1790,negative
cell_1791,tag_1
cell_1792,tag_6
cell_1793,tag_5
cell_1794,tag_2
cell_1795,tag_6
cell_1796,tag_2
cell_1797,negative
cell_1798,tag_1
cell_1799,tag_3
cell_1800,tag_3
cell_1801,tag_1
cell_1802,negative
cell_1803,tag_3
cell_1804,tag_1
cell_1805,tag_1
cell_1806,negative
cell_1807,tag_3
cell_1808,tag_6
cell_1809,tag_5
cell_1810,tag_3
cell_1811,tag_5
cell_1812,tag_6
cell_1813,tag_2
cell_1814,tag_1
cell_1815,tag_5
cell_1816,tag_2
cell_1817,tag_6
cell_1818,tag_1
cell_1819,tag_1
cell_1820,tag_2
cell_1821,multiplet
cell_1822,multiplet
cell_1823,tag_5
cell_1824,tag_5
cell_1825,tag_3
cell_1826,multiplet
cell_1827,tag_1
cell_1828,multiplet
cell_1829,tag_2
cell_1830,tag_4
cell_1831,tag_5
cell_1832,tag_6
cell_1833,tag_2
cell_1834,tag_3
cell_1835,tag_4
cell_1836,tag_4
cell_1837,tag_3
cell_1838,tag_4
cell_1839,tag_1
cell_1840,multiplet
cell_1841,tag_5
cell_1842,tag_1
cell_1843,tag_3
cell_1844,tag_1
cell_1845,tag_4
cell_1846,tag_4
cell_1847,tag_5
cell_1848,tag_1
cell_1849,tag_6
cell_1850,tag_3
cell_1851,tag_6
cell_1852,tag_3
cell_1853,multiplet
cell_1854,multiplet
cell_1855,tag_3
cell_1856,tag_1
cell_1857,tag_5
cell_1858,tag_2
cell_1859,tag_6
cell_1860,tag_3
cell_1861,tag_2
cell_1862,tag_3
cell_1863,tag_2
cell_1864,tag_3
cell_1865,tag_5
cell_1866,negative
cell_1867,tag_5
cell_1868,tag_1
cell_1869,negative
cell_1870,tag_3
cell_1871,tag_3
cell_1872,multiplet
cell_1873,tag_3
cell_1874,tag_6
cell_1875,tag_5
cell_1876,tag_5
cell_1877,multiplet
cell_1878,multiplet
cell_1879,tag_5
cell_1880,tag_1
cell_1881,tag_5
cell_1882,tag_5
cell_1883,multiplet
cell_1884,tag_2
cell_1885,tag_1
cell_1886,tag_2
cell_1887,tag_1
cell_1888,multiplet
cell_1889,tag_3
cell_1890,tag_5
cell_1891,tag_1
cell_1892,tag_4
cell_1893,tag_2
cell_1894,tag_2
cell_1895,tag_5
cell_1896,tag_2
cell_1897,tag_2
cell_1898,multiplet
cell_1899,tag_6
cell_1900,tag_2
cell_1901,tag_4
cell_1902,tag_2
cell_1903,multiplet
cell_1904,tag_6
cell_1905,tag_5
cell_1906,negative
cell_1907,tag_5
cell_1908,tag_5
cell_1909,tag_6
cell_1910,tag_1
cell_1911,tag_2
cell_1912,tag_3
cell_1913,tag_1
cell_1914,tag_2
cell_1915,tag_5
cell_1916,tag_5
cell_1917,tag_4
cell_1918,tag_3
cell_1919,tag_4
cell_1920,tag_5
cell_1921,tag_2
cell_1922,tag_2
cell_1923,tag_2
cell_1924,tag_4
cell_1925,tag_4
cell_1926,tag_6
cell_1927,tag_2
cell_1928,tag_3
cell_1929,tag_4
cell_1930,tag_6
cell_1931,tag_4
cell_1932,tag_1
cell_1933,tag_2
cell_1934,tag_5
cell_1935,tag_2
cell_1936,tag_5
cell_1937,tag_1
cell_1938,tag_1
cell_1939,tag_6
cell_1940,multiplet
cell_1941,tag_1
cell_1942,tag_5
cell_1943,tag_5
cell_1944,tag_1
cell_1945,tag_5
cell_1946,tag_1
cell_1947,tag_2
cell_1948,negative
cell_1949,tag_5
cell_1950,tag_2
cell_1951,tag_6
cell_1952,tag_6
cell_1953,multiplet
cell_1954,tag_1
cell_1955,tag_3
cell_1956,tag_3
cell_1957,tag_1
cell_1958,tag_4
cell_1959,multiplet
cell_1960,tag_6
cell_1961,negative
cell_1962,tag_2
cell_1963,tag_5
cell_1964,tag_1
cell_1965,tag_6
cell_1966,tag_5
cell_1967,tag_4
cell_1968,tag_5
cell_1969,tag_1
cell_1970,negative
cell_1971,tag_1
cell_1972,tag_2
cell_1973,tag_5
cell_1974,tag_4
cell_1975,tag_5
cell_1976,tag_2
cell_1977,tag_6
cell_1978,tag_2
cell_1979,tag_1
cell_1980,tag_4
cell_1981,tag_3
cell_1982,tag_2
cell_1983,tag_4
cell_1984,tag_3
cell_1985,tag_6
cell_1986,negative
cell_1987,tag_2
cell_1988,tag_3
cell_1989,tag_2
cell_1990,tag_5
cell_1991,tag_3
cell_1992,tag_5
cell_1993,tag_4
cell_1994,tag_2
cell_1995,tag_3
cell_1996,tag_3
cell_1997,tag_3
cell_1998,tag_6
cell_1999,tag_4
cell_2000,negative
