pred_id	recall	precision
scE2G	0.0022123893805309734	1.0
scE2G	0.10398230088495575	0.9038461538461539
scE2G	0.19469026548672566	0.8543689320388349
scE2G	0.27876106194690264	0.8181818181818182
scE2G	0.34292035398230086	0.7560975609756098
scE2G	0.415929203539823	0.734375
scE2G	0.46238938053097345	0.6807817589576547
scE2G	0.5221238938053098	0.659217877094972
scE2G	0.5553097345132744	0.6136919315403423
scE2G	0.577433628318584	0.5673913043478261
scE2G	0.6017699115044248	0.5322896281800391
scE2G	0.6261061946902655	0.50355871886121
scE2G	0.6393805309734514	0.47145187601957583
scE2G	0.6637168141592921	0.45180722891566266
scE2G	0.672566371681416	0.4251748251748252
scE2G	0.6747787610619469	0.3981723237597911
scE2G	0.6814159292035398	0.3769889840881273
scE2G	0.6836283185840708	0.35599078341013823
scE2G	0.6858407079646017	0.3373231773667029
scE2G	0.6880530973451328	0.32061855670103095
scE2G	0.6991150442477876	0.3095004897159647
scE2G	0.7035398230088495	0.2966417910447761
scE2G	0.7057522123893806	0.2840605520926091
scE2G	0.7079646017699115	0.272572402044293
scE2G	0.7123893805309734	0.26285714285714284
scE2G	0.7190265486725663	0.2547021943573668
scE2G	0.7323008849557522	0.24943481537302187
scE2G	0.7411504424778761	0.24310595065312046
scE2G	0.745575221238938	0.2358292512246326
scE2G	0.745575221238938	0.2277027027027027
scE2G	0.745575221238938	0.2201175702155454
scE2G	0.745575221238938	0.21302149178255372
scE2G	0.7522123893805309	0.2082057562767912
scE2G	0.754424778761062	0.20249406175771972
scE2G	0.7566371681415929	0.19711815561959653
scE2G	0.7588495575221239	0.19204927211646136
scE2G	0.7610619469026548	0.18726183995645074
scE2G	0.7632743362831859	0.18273305084745764
scE2G	0.7632743362831859	0.17792676637441981
scE2G	0.7632743362831859	0.17336683417085427
scE2G	0.7632743362831859	0.16903478686918177
scE2G	0.7654867256637168	0.16539196940726578
scE2G	0.7699115044247787	0.162389174055063
scE2G	0.7721238938053098	0.15907019143117593
scE2G	0.7743362831858407	0.155902004454343
scE2G	0.7743362831858407	0.1524390243902439
scE2G	0.7743362831858407	0.14912654452492544
scE2G	0.7743362831858407	0.14595496246872394
scE2G	0.7743362831858407	0.14291547570436913
scE2G	0.7743362831858407	0.14
scE2G	0.7743362831858407	0.13720109760878088
scE2G	0.7743362831858407	0.1345119139123751
scE2G	0.7743362831858407	0.13192612137203166
scE2G	0.7787610619469026	0.1301775147928994
scE2G	0.7787610619469026	0.1277676950998185
scE2G	0.7787610619469026	0.12544547398431932
scE2G	0.7787610619469026	0.1232061603080154
scE2G	0.7809734513274337	0.12138927097661623
scE2G	0.7809734513274337	0.11929705981750592
scE2G	0.7809734513274337	0.11727574750830565
scE2G	0.7809734513274337	0.1153217902646194
scE2G	0.7809734513274337	0.1134318766066838
scE2G	0.7831858407079646	0.11191906417957635
scE2G	0.7831858407079646	0.11014312383322962
scE2G	0.7853982300884956	0.10872894333843798
scE2G	0.7853982300884956	0.10705669481302775
scE2G	0.7853982300884956	0.10543510543510544
scE2G	0.7853982300884956	0.10386190754827385
scE2G	0.7876106194690266	0.10262323436148746
scE2G	0.7898230088495575	0.10142045454545455
scE2G	0.7920353982300885	0.10025203024362923
scE2G	0.7920353982300885	0.09884041965764771
scE2G	0.7920353982300885	0.09746800980125238
scE2G	0.7920353982300885	0.09613319011815252
scE2G	0.7942477876106194	0.09509933774834436
scE2G	0.7942477876106194	0.09383167799268165
scE2G	0.7942477876106194	0.09259736909981944
scE2G	0.7942477876106194	0.09139511201629327
scE2G	0.7942477876106194	0.09022367429002262
scE2G	0.7964601769911505	0.08933002481389578
scE2G	0.7964601769911505	0.0882136731193335
scE2G	0.7964601769911505	0.08712487899322362
scE2G	0.7986725663716814	0.0863016973464021
scE2G	0.8008849557522124	0.08549834671705243
scE2G	0.8053097345132744	0.08494749124854142
scE2G	0.8053097345132744	0.08394833948339483
scE2G	0.8053097345132744	0.08297241850923182
scE2G	0.8053097345132744	0.08201892744479496
scE2G	0.8053097345132744	0.08108710180441078
scE2G	0.8053097345132744	0.0801762114537445
scE2G	0.8053097345132744	0.07928555870180788
scE2G	0.8053097345132744	0.07841447651874192
scE2G	0.8053097345132744	0.07756232686980609
scE2G	0.8053097345132744	0.07672849915682968
scE2G	0.8053097345132744	0.07591240875912408
scE2G	0.8075221238938053	0.07531985142385472
scE2G	0.8075221238938053	0.07453542985501327
scE2G	0.8097345132743363	0.07396928051738076
scE2G	0.8141592920353983	0.07361472294458891
scE2G	0.8185840707964602	0.07326732673267326
scE2G	0.8185840707964602	0.07253479709860812
scE2G	0.8185840707964602	0.07181677018633541
scE2G	0.8185840707964602	0.07111281952719585
scE2G	0.8207964601769911	0.07061286638751428
scE2G	0.8207964601769911	0.0699340245051838
scE2G	0.8207964601769911	0.06926811053024645
scE2G	0.8252212389380531	0.06898464952838912
scE2G	0.8252212389380531	0.0683400513008428
scE2G	0.8252212389380531	0.0677073879106916
scE2G	0.827433628318584	0.06726618705035971
scE2G	0.827433628318584	0.06665478524327215
scE2G	0.827433628318584	0.06605439773931474
scE2G	0.827433628318584	0.06546472956415193
scE2G	0.827433628318584	0.0648854961832061
scE2G	0.827433628318584	0.0643164230438521
scE2G	0.827433628318584	0.06375724514149335
scE2G	0.827433628318584	0.06320770660807842
scE2G	0.827433628318584	0.06266756032171582
scE2G	0.827433628318584	0.06213656753613557
scE2G	0.827433628318584	0.06161449752883031
scE2G	0.827433628318584	0.06110112726678647
scE2G	0.827433628318584	0.060596241088788076
scE2G	0.827433628318584	0.06009963040334244
scE2G	0.827433628318584	0.05961109340133886
scE2G	0.827433628318584	0.059130434782608696
scE2G	0.827433628318584	0.05865746549560853
scE2G	0.827433628318584	0.058192002489497435
scE2G	0.827433628318584	0.05773386847792528
scE2G	0.827433628318584	0.057282891713891865
scE2G	0.827433628318584	0.056838905775075985
scE2G	0.827433628318584	0.05640174935907103
scE2G	0.827433628318584	0.05597126608799761
scE2G	0.827433628318584	0.05554730432199614
scE2G	0.827433628318584	0.055129716981132074
scE2G	0.827433628318584	0.054718361375274326
scE2G	0.827433628318584	0.054313099041533544
scE2G	0.827433628318584	0.05391379558887127
scE2G	0.827433628318584	0.05352032054951345
scE2G	0.8296460176991151	0.053274612871146466
scE2G	0.8296460176991151	0.05289139633286319
scE2G	0.8296460176991151	0.05251365354992298
scE2G	0.8296460176991151	0.052141268075639596
scE2G	0.8296460176991151	0.05177412674306227
scE2G	0.8296460176991151	0.05141211955031533
scE2G	0.831858407079646	0.05119128658951668
scE2G	0.834070796460177	0.05097349918875067
scE2G	0.834070796460177	0.050624412515106756
scE2G	0.8362831858407079	0.05041344358495599
scE2G	0.8362831858407079	0.050072857332096966
scE2G	0.8362831858407079	0.049736842105263156
scE2G	0.8362831858407079	0.04940530649588289
scE2G	0.8362831858407079	0.04907816151648922
scE2G	0.8362831858407079	0.04875532052108861
scE2G	0.8362831858407079	0.04843669912865197
scE2G	0.8362831858407079	0.04812221514958625
scE2G	0.8362831858407079	0.047811788515051856
scE2G	0.838495575221239	0.047631016714842274
scE2G	0.838495575221239	0.04732767232767233
scE2G	0.838495575221239	0.04702816726641022
scE2G	0.838495575221239	0.046732429099876696
scE2G	0.838495575221239	0.04644038720745007
scE2G	0.838495575221239	0.04615197272284462
scE2G	0.8407079646017699	0.045988139900762434
scE2G	0.8407079646017699	0.045706038008178976
scE2G	0.8407079646017699	0.045427375971309025
scE2G	0.8517699115044248	0.04574619771863118
scE2G	0.8561946902654868	0.045706861934569507
scE2G	0.8805309734513275	0.04672458323550129
scE2G	0.8805309734513275	0.0464464931730657
scE2G	0.8805309734513275	0.04617169373549884
scE2G	0.8960176991150443	0.04670741552300773
scE2G	0.911504424778761	0.047236872277000685
scE2G	0.918141592920354	0.04730422888407614
scE2G	0.9247787610619469	0.04737080689029918
scE2G	0.9247787610619469	0.04709859154929578
scE2G	0.9314159292035398	0.047165583688102176
scE2G	0.9336283185840708	0.04700902305892837
scE2G	0.9402654867256637	0.047075764288879045
scE2G	0.9402654867256637	0.04681132283291111
scE2G	0.9402654867256637	0.04654983570646221
scE2G	0.9402654867256637	0.04629125367607014
scE2G	0.9402654867256637	0.046035528596187175
scE2G	0.9424778761061947	0.04589033717548206
scE2G	0.9535398230088495	0.0461752731947718
scE2G	0.9557522123893806	0.046030900372935536
scE2G	0.9601769911504425	0.04599406528189911
scE2G	0.9601769911504425	0.04574681142616212
scE2G	0.9601769911504425	0.045502201719438036
scE2G	0.9601769911504425	0.04526019397225988
scE2G	0.9646017699115044	0.045228215767634854
scE2G	0.9690265486725663	0.04519657414095553
scE2G	0.9690265486725663	0.04495996715253541
scE2G	0.9756637168141593	0.04503216583273767
scE2G	0.9800884955752213	0.045002031694433155
scE2G	0.9823008849557522	0.0448711470439616
scE2G	0.9823008849557522	0.044641061733360146
scE2G	0.9889380530973452	0.04471341402420726
scE2G	0.9933628318584071	0.04468550955414013
scE2G	0.995575221238938	0.0445588672145757
scE2G	0.995575221238938	0.04433497536945813
scE2G	0.9977876106194691	0.04421135182825213
scE2G	0.9977876106194691	0.043991416309012876
scE2G_ignoreTPM	0.0022123893805309734	1.0
scE2G_ignoreTPM	0.10398230088495575	0.9038461538461539
scE2G_ignoreTPM	0.1902654867256637	0.8349514563106796
scE2G_ignoreTPM	0.2831858407079646	0.8311688311688312
scE2G_ignoreTPM	0.35398230088495575	0.7804878048780488
scE2G_ignoreTPM	0.4314159292035398	0.76171875
scE2G_ignoreTPM	0.4756637168141593	0.7003257328990228
scE2G_ignoreTPM	0.5287610619469026	0.6675977653631285
scE2G_ignoreTPM	0.584070796460177	0.6454767726161369
scE2G_ignoreTPM	0.6150442477876106	0.6043478260869565
scE2G_ignoreTPM	0.6415929203539823	0.5675146771037182
scE2G_ignoreTPM	0.6703539823008849	0.5391459074733096
scE2G_ignoreTPM	0.6991150442477876	0.5154975530179445
scE2G_ignoreTPM	0.7168141592920354	0.4879518072289157
scE2G_ignoreTPM	0.7411504424778761	0.46853146853146854
scE2G_ignoreTPM	0.754424778761062	0.4451697127937337
scE2G_ignoreTPM	0.7610619469026548	0.42105263157894735
scE2G_ignoreTPM	0.7721238938053098	0.402073732718894
scE2G_ignoreTPM	0.7765486725663717	0.381936887921654
scE2G_ignoreTPM	0.7787610619469026	0.3628865979381443
scE2G_ignoreTPM	0.7809734513274337	0.34573947110675807
scE2G_ignoreTPM	0.7898230088495575	0.33302238805970147
scE2G_ignoreTPM	0.7964601769911505	0.3205699020480855
scE2G_ignoreTPM	0.8008849557522124	0.3083475298126065
scE2G_ignoreTPM	0.8030973451327433	0.2963265306122449
scE2G_ignoreTPM	0.8053097345132744	0.2852664576802508
scE2G_ignoreTPM	0.8075221238938053	0.2750565184626978
scE2G_ignoreTPM	0.8163716814159292	0.2677793904208999
scE2G_ignoreTPM	0.827433628318584	0.2617214835549335
scE2G_ignoreTPM	0.8362831858407079	0.2554054054054054
scE2G_ignoreTPM	0.8407079646017699	0.248203788373612
scE2G_ignoreTPM	0.8429203539823009	0.24083438685208597
scE2G_ignoreTPM	0.8429203539823009	0.23331292100428658
scE2G_ignoreTPM	0.8429203539823009	0.22624703087885986
scE2G_ignoreTPM	0.8451327433628318	0.2201729106628242
scE2G_ignoreTPM	0.8495575221238938	0.21500559910414332
scE2G_ignoreTPM	0.8517699115044248	0.20958083832335328
scE2G_ignoreTPM	0.8539823008849557	0.2044491525423729
scE2G_ignoreTPM	0.8561946902654868	0.1995874161939144
scE2G_ignoreTPM	0.8584070796460177	0.19497487437185929
scE2G_ignoreTPM	0.8606194690265486	0.19059284664380205
scE2G_ignoreTPM	0.8606194690265486	0.18594646271510518
scE2G_ignoreTPM	0.8606194690265486	0.18152123191787214
scE2G_ignoreTPM	0.8606194690265486	0.17730173199635368
scE2G_ignoreTPM	0.8628318584070797	0.17371937639198218
scE2G_ignoreTPM	0.8650442477876106	0.17029616724738675
scE2G_ignoreTPM	0.8672566371681416	0.1670217298679165
scE2G_ignoreTPM	0.8716814159292036	0.16430358632193495
scE2G_ignoreTPM	0.8716814159292036	0.16088199265006126
scE2G_ignoreTPM	0.8716814159292036	0.1576
scE2G_ignoreTPM	0.8716814159292036	0.15444923559388474
scE2G_ignoreTPM	0.8716814159292036	0.15142198308993082
scE2G_ignoreTPM	0.8716814159292036	0.14851111948737278
scE2G_ignoreTPM	0.8716814159292036	0.14571005917159763
scE2G_ignoreTPM	0.8716814159292036	0.14301270417422868
scE2G_ignoreTPM	0.8716814159292036	0.14041339985744833
scE2G_ignoreTPM	0.8716814159292036	0.13790689534476724
scE2G_ignoreTPM	0.8761061946902655	0.1361760660247593
scE2G_ignoreTPM	0.8761061946902655	0.13382899628252787
scE2G_ignoreTPM	0.8761061946902655	0.13156146179401992
scE2G_ignoreTPM	0.8761061946902655	0.12936948709572035
scE2G_ignoreTPM	0.8783185840707964	0.1275706940874036
scE2G_ignoreTPM	0.8783185840707964	0.12551375276636104
scE2G_ignoreTPM	0.8783185840707964	0.12352209085252022
scE2G_ignoreTPM	0.8783185840707964	0.1215926493108729
scE2G_ignoreTPM	0.8783185840707964	0.11972255729794934
scE2G_ignoreTPM	0.8783185840707964	0.11790911790911791
scE2G_ignoreTPM	0.8805309734513275	0.11644236395552955
scE2G_ignoreTPM	0.8827433628318584	0.11501873738829634
scE2G_ignoreTPM	0.8827433628318584	0.11335227272727273
scE2G_ignoreTPM	0.8827433628318584	0.11173340800896107
scE2G_ignoreTPM	0.8827433628318584	0.1101601325234677
scE2G_ignoreTPM	0.8827433628318584	0.10863054723659134
scE2G_ignoreTPM	0.8871681415929203	0.10767991407089152
scE2G_ignoreTPM	0.8871681415929203	0.1062251655629139
scE2G_ignoreTPM	0.8893805309734514	0.10507056978567694
scE2G_ignoreTPM	0.8915929203539823	0.10394635027082796
scE2G_ignoreTPM	0.8915929203539823	0.10259674134419552
scE2G_ignoreTPM	0.8915929203539823	0.1012817290776577
scE2G_ignoreTPM	0.8938053097345132	0.10024813895781638
scE2G_ignoreTPM	0.8938053097345132	0.09899534427836315
scE2G_ignoreTPM	0.8938053097345132	0.09777347531461762
scE2G_ignoreTPM	0.8938053097345132	0.09658140090843892
scE2G_ignoreTPM	0.8938053097345132	0.09541804440245631
scE2G_ignoreTPM	0.8938053097345132	0.09428238039673278
scE2G_ignoreTPM	0.8938053097345132	0.09317343173431734
scE2G_ignoreTPM	0.8960176991150443	0.09231821290175518
scE2G_ignoreTPM	0.8960176991150443	0.09125732311852186
scE2G_ignoreTPM	0.8960176991150443	0.09022053909556695
scE2G_ignoreTPM	0.8982300884955752	0.08942731277533039
scE2G_ignoreTPM	0.9004424778761062	0.08865170986713135
scE2G_ignoreTPM	0.9048672566371682	0.08810857389056441
scE2G_ignoreTPM	0.9048672566371682	0.08715107607074365
scE2G_ignoreTPM	0.9048672566371682	0.0862141652613828
scE2G_ignoreTPM	0.9048672566371682	0.08529718456725756
scE2G_ignoreTPM	0.9048672566371682	0.08439950474618242
scE2G_ignoreTPM	0.9048672566371682	0.08352052276904227
scE2G_ignoreTPM	0.9048672566371682	0.08265966046887631
scE2G_ignoreTPM	0.9048672566371682	0.08181636327265453
scE2G_ignoreTPM	0.9048672566371682	0.08099009900990099
scE2G_ignoreTPM	0.9048672566371682	0.08018035679278573
scE2G_ignoreTPM	0.9048672566371682	0.07938664596273291
scE2G_ignoreTPM	0.9048672566371682	0.07860849509898135
scE2G_ignoreTPM	0.9070796460176991	0.07803578226113438
scE2G_ignoreTPM	0.9070796460176991	0.07728557964184732
scE2G_ignoreTPM	0.9092920353982301	0.07673637042569081
scE2G_ignoreTPM	0.9092920353982301	0.07601257628999446
scE2G_ignoreTPM	0.9137168141592921	0.07566874312935142
scE2G_ignoreTPM	0.918141592920354	0.07533127609366491
scE2G_ignoreTPM	0.918141592920354	0.07464028776978417
scE2G_ignoreTPM	0.918141592920354	0.07396186063090358
scE2G_ignoreTPM	0.918141592920354	0.07329565524549629
scE2G_ignoreTPM	0.9203539823008849	0.07281638368632942
scE2G_ignoreTPM	0.9203539823008849	0.07217210270645386
scE2G_ignoreTPM	0.922566371681416	0.07171109200343938
scE2G_ignoreTPM	0.9269911504424779	0.07142857142857142
scE2G_ignoreTPM	0.9269911504424779	0.07081291194862262
scE2G_ignoreTPM	0.9269911504424779	0.07020777479892762
scE2G_ignoreTPM	0.9269911504424779	0.06961289250706097
scE2G_ignoreTPM	0.9292035398230089	0.06919275123558484
scE2G_ignoreTPM	0.9292035398230089	0.06861623917660513
scE2G_ignoreTPM	0.9292035398230089	0.06804925469863901
scE2G_ignoreTPM	0.9292035398230089	0.06749156355455568
scE2G_ignoreTPM	0.9292035398230089	0.066942939113803
scE2G_ignoreTPM	0.9292035398230089	0.06640316205533597
scE2G_ignoreTPM	0.9292035398230089	0.06587202007528231
scE2G_ignoreTPM	0.9292035398230089	0.06534930760852653
scE2G_ignoreTPM	0.9292035398230089	0.06483482556344551
scE2G_ignoreTPM	0.9292035398230089	0.06432838106907643
scE2G_ignoreTPM	0.9292035398230089	0.06382978723404255
scE2G_ignoreTPM	0.9292035398230089	0.06333886291660383
scE2G_ignoreTPM	0.9292035398230089	0.06285543250523795
scE2G_ignoreTPM	0.9292035398230089	0.06237932570919352
scE2G_ignoreTPM	0.9292035398230089	0.061910377358490566
scE2G_ignoreTPM	0.9292035398230089	0.061448427212874905
scE2G_ignoreTPM	0.9292035398230089	0.06099331977926227
scE2G_ignoreTPM	0.9292035398230089	0.060544904137235116
scE2G_ignoreTPM	0.9292035398230089	0.06010303377218088
scE2G_ignoreTPM	0.9292035398230089	0.05966756641568405
scE2G_ignoreTPM	0.9292035398230089	0.05923836389280677
scE2G_ignoreTPM	0.9292035398230089	0.05881529197591374
scE2G_ignoreTPM	0.9292035398230089	0.05839822024471635
scE2G_ignoreTPM	0.9292035398230089	0.05798702195222974
scE2G_ignoreTPM	0.9292035398230089	0.05758157389635317
scE2G_ignoreTPM	0.9292035398230089	0.05718175629680054
scE2G_ignoreTPM	0.9292035398230089	0.05678745267712277
scE2G_ignoreTPM	0.9292035398230089	0.05639854975157782
scE2G_ignoreTPM	0.9292035398230089	0.05601493731661777
scE2G_ignoreTPM	0.9292035398230089	0.055636508146774406
scE2G_ignoreTPM	0.9292035398230089	0.05526315789473684
scE2G_ignoreTPM	0.9292035398230089	0.05489478499542543
scE2G_ignoreTPM	0.9314159292035398	0.05466112698000519
scE2G_ignoreTPM	0.9314159292035398	0.054301560686185996
scE2G_ignoreTPM	0.9314159292035398	0.05394669400307535
scE2G_ignoreTPM	0.9314159292035398	0.0535964353914704
scE2G_ignoreTPM	0.9314159292035398	0.05325069567417152
scE2G_ignoreTPM	0.9314159292035398	0.05290938796028654
scE2G_ignoreTPM	0.9336283185840708	0.052697302697302696
scE2G_ignoreTPM	0.9336283185840708	0.0523638168507259
scE2G_ignoreTPM	0.9358407079646017	0.052157829839704066
scE2G_ignoreTPM	0.9358407079646017	0.05183188334762897
scE2G_ignoreTPM	0.9380530973451328	0.051631758402338045
scE2G_ignoreTPM	0.9380530973451328	0.05131308241558756
scE2G_ignoreTPM	0.9380530973451328	0.05099831609333654
scE2G_ignoreTPM	0.9380530973451328	0.05068738792588165
scE2G_ignoreTPM	0.9380530973451328	0.05038022813688213
scE2G_ignoreTPM	0.9380530973451328	0.05007676863115625
scE2G_ignoreTPM	0.9380530973451328	0.049776942944353135
scE2G_ignoreTPM	0.9380530973451328	0.04948068619442175
scE2G_ignoreTPM	0.9380530973451328	0.04918793503480278
scE2G_ignoreTPM	0.9380530973451328	0.048898627609272285
scE2G_ignoreTPM	0.9380530973451328	0.04861270350836964
scE2G_ignoreTPM	0.9402654867256637	0.048444089821041834
scE2G_ignoreTPM	0.9402654867256637	0.04816409791477788
scE2G_ignoreTPM	0.9402654867256637	0.04788732394366197
scE2G_ignoreTPM	0.9402654867256637	0.04761371274927179
scE2G_ignoreTPM	0.9402654867256637	0.047343210426645875
scE2G_ignoreTPM	0.9402654867256637	0.047075764288879045
scE2G_ignoreTPM	0.9402654867256637	0.04681132283291111
scE2G_ignoreTPM	0.9424778761061947	0.046659364731653885
scE2G_ignoreTPM	0.9424778761061947	0.046400174272955015
scE2G_ignoreTPM	0.9424778761061947	0.04614384748700173
scE2G_ignoreTPM	0.9469026548672567	0.04610578476785522
scE2G_ignoreTPM	0.9491150442477876	0.04596100278551532
scE2G_ignoreTPM	0.9557522123893806	0.046030900372935536
scE2G_ignoreTPM	0.9646017699115044	0.046206019499788045
scE2G_ignoreTPM	0.9668141592920354	0.046063033624960475
scE2G_ignoreTPM	0.9712389380530974	0.046026420633256446
scE2G_ignoreTPM	0.9778761061946902	0.04609448326207112
scE2G_ignoreTPM	0.9778761061946902	0.045850622406639
scE2G_ignoreTPM	0.9778761061946902	0.045609328242699414
scE2G_ignoreTPM	0.9778761061946902	0.045370560459864505
scE2G_ignoreTPM	0.9800884955752213	0.04523639334218319
scE2G_ignoreTPM	0.9800884955752213	0.045002031694433155
scE2G_ignoreTPM	0.9867256637168141	0.04507326932794341
scE2G_ignoreTPM	0.9867256637168141	0.04484214759702393
scE2G_ignoreTPM	0.9933628318584071	0.044913474042212666
scE2G_ignoreTPM	0.9933628318584071	0.04468550955414013
scE2G_ignoreTPM	0.995575221238938	0.0445588672145757
scE2G_ignoreTPM	0.995575221238938	0.04433497536945813
scE2G_ignoreTPM	0.995575221238938	0.04411332222331144
scE2G_ignoreTPM	0.9977876106194691	0.043991416309012876
ABC	0.0022123893805309734	1.0
ABC	0.09070796460176991	0.7884615384615384
ABC	0.17699115044247787	0.7766990291262136
ABC	0.24778761061946902	0.7272727272727273
ABC	0.3030973451327434	0.6682926829268293
ABC	0.3584070796460177	0.6328125
ABC	0.40707964601769914	0.5993485342019544
ABC	0.4469026548672566	0.5642458100558659
ABC	0.49557522123893805	0.5476772616136919
ABC	0.5309734513274337	0.5217391304347826
ABC	0.5641592920353983	0.49902152641878667
ABC	0.588495575221239	0.47330960854092524
ABC	0.6172566371681416	0.4551386623164764
ABC	0.6305309734513275	0.4292168674698795
ABC	0.6548672566371682	0.413986013986014
ABC	0.6747787610619469	0.3981723237597911
ABC	0.6858407079646017	0.379436964504284
ABC	0.7057522123893806	0.3675115207373272
ABC	0.7234513274336283	0.3558215451577802
ABC	0.7389380530973452	0.3443298969072165
ABC	0.7433628318584071	0.32908912830558273
ABC	0.7522123893805309	0.31716417910447764
ABC	0.7654867256637168	0.3081032947462155
ABC	0.7676991150442478	0.29557069846678025
ABC	0.7765486725663717	0.28653061224489795
ABC	0.7898230088495575	0.2797805642633229
ABC	0.7942477876106194	0.2705350414468726
ABC	0.7964601769911505	0.2612481857764877
ABC	0.8053097345132744	0.2547235829251225
ABC	0.8053097345132744	0.24594594594594596
ABC	0.8053097345132744	0.23775310254735468
ABC	0.8053097345132744	0.23008849557522124
ABC	0.8119469026548672	0.224739742804654
ABC	0.8163716814159292	0.21912114014251782
ABC	0.8185840707964602	0.2132564841498559
ABC	0.8230088495575221	0.20828667413213886
ABC	0.8252212389380531	0.2030484485574306
ABC	0.8252212389380531	0.1975635593220339
ABC	0.831858407079646	0.19391438886023724
ABC	0.834070796460177	0.18944723618090453
ABC	0.838495575221239	0.18569328760411563
ABC	0.838495575221239	0.18116634799235182
ABC	0.838495575221239	0.17685487634157723
ABC	0.838495575221239	0.17274384685505925
ABC	0.8429203539823009	0.16971046770601336
ABC	0.8429203539823009	0.16594076655052264
ABC	0.8429203539823009	0.16233489561141884
ABC	0.8495575221238938	0.16013344453711426
ABC	0.8517699115044248	0.15720702327480604
ABC	0.8561946902654868	0.1548
ABC	0.8584070796460177	0.15209721677773422
ABC	0.8584070796460177	0.1491160645657187
ABC	0.8584070796460177	0.1462495288352808
ABC	0.8606194690265486	0.14386094674556213
ABC	0.8628318584070797	0.14156079854809436
ABC	0.8628318584070797	0.13898788310762653
ABC	0.8628318584070797	0.13650682534126707
ABC	0.8650442477876106	0.1344566712517194
ABC	0.8694690265486725	0.13281514025008448
ABC	0.8694690265486725	0.13056478405315614
ABC	0.8716814159292036	0.12871610584776216
ABC	0.8716814159292036	0.12660668380462725
ABC	0.8716814159292036	0.12456528612077142
ABC	0.8738938053097345	0.12289981331673927
ABC	0.8738938053097345	0.12098009188361408
ABC	0.8738938053097345	0.11911942098914355
ABC	0.8738938053097345	0.11731511731511732
ABC	0.8761061946902655	0.11585722644821533
ABC	0.8761061946902655	0.11415393485154224
ABC	0.8805309734513275	0.11306818181818182
ABC	0.8805309734513275	0.11145337440492858
ABC	0.8827433628318584	0.1101601325234677
ABC	0.8871681415929203	0.10917506125782739
ABC	0.8871681415929203	0.10767991407089152
ABC	0.8893805309734514	0.10649006622516556
ABC	0.8915929203539823	0.10533193936225824
ABC	0.8915929203539823	0.10394635027082796
ABC	0.8938053097345132	0.10285132382892057
ABC	0.8938053097345132	0.1015330485046494
ABC	0.8938053097345132	0.10024813895781638
ABC	0.8938053097345132	0.09899534427836315
ABC	0.8938053097345132	0.09777347531461762
ABC	0.8938053097345132	0.09658140090843892
ABC	0.8938053097345132	0.09541804440245631
ABC	0.8938053097345132	0.09428238039673278
ABC	0.8938053097345132	0.09317343173431734
ABC	0.8938053097345132	0.0920902666970595
ABC	0.8938053097345132	0.09103199639477241
ABC	0.8960176991150443	0.09022053909556695
ABC	0.8960176991150443	0.08920704845814978
ABC	0.8960176991150443	0.08821607492920933
ABC	0.8982300884955752	0.08746230073244292
ABC	0.8982300884955752	0.0865118261240145
ABC	0.8982300884955752	0.08558178752107926
ABC	0.8982300884955752	0.08467153284671533
ABC	0.9026548672566371	0.08419314898885678
ABC	0.9048672566371682	0.08352052276904227
ABC	0.9048672566371682	0.08265966046887631
ABC	0.9048672566371682	0.08181636327265453
ABC	0.9048672566371682	0.08099009900990099
ABC	0.9048672566371682	0.08018035679278573
ABC	0.9092920353982301	0.0797748447204969
ABC	0.9092920353982301	0.07899288871804729
ABC	0.9092920353982301	0.07822611343738105
ABC	0.9092920353982301	0.07747408105560792
ABC	0.911504424778761	0.07692307692307693
ABC	0.911504424778761	0.07619752173108933
ABC	0.911504424778761	0.0754855258336387
ABC	0.911504424778761	0.07478671265202395
ABC	0.911504424778761	0.07410071942446043
ABC	0.911504424778761	0.07342719657815006
ABC	0.911504424778761	0.07276580713528788
ABC	0.9137168141592921	0.07229126553474531
ABC	0.915929203539823	0.07182512144344205
ABC	0.915929203539823	0.07119518486672399
ABC	0.915929203539823	0.0705762018411183
ABC	0.915929203539823	0.0699678891330066
ABC	0.915929203539823	0.06936997319034853
ABC	0.915929203539823	0.06878218973251371
ABC	0.915929203539823	0.06820428336079078
ABC	0.915929203539823	0.06763600718836792
ABC	0.915929203539823	0.06707712248865846
ABC	0.918141592920354	0.0666880925598586
ABC	0.918141592920354	0.0661459993624482
ABC	0.9203539823008849	0.06577075098814229
ABC	0.9203539823008849	0.06524466750313676
ABC	0.9247787610619469	0.06503812042943831
ABC	0.9247787610619469	0.06452608829885767
ABC	0.9247787610619469	0.06402205544493797
ABC	0.9247787610619469	0.0635258358662614
ABC	0.9247787610619469	0.06303724928366762
ABC	0.9269911504424779	0.06270577671355881
ABC	0.9269911504424779	0.06223080350512401
ABC	0.9269911504424779	0.061762971698113206
ABC	0.9336283185840708	0.06174103877103146
ABC	0.9336283185840708	0.06128376415916352
ABC	0.9336283185840708	0.060833213204555286
ABC	0.9336283185840708	0.060389238694905555
ABC	0.9336283185840708	0.05995169768433016
ABC	0.9336283185840708	0.059520451339915376
ABC	0.9336283185840708	0.05909536479484666
ABC	0.9336283185840708	0.05867630700778643
ABC	0.9336283185840708	0.05826315062819274
ABC	0.9336283185840708	0.05785577186728818
ABC	0.9336283185840708	0.057454050374404354
ABC	0.9336283185840708	0.0570578691184424
ABC	0.9336283185840708	0.05666711427420438
ABC	0.9336283185840708	0.056281675113363565
ABC	0.9358407079646017	0.056033911776394225
ABC	0.9358407079646017	0.05565789473684211
ABC	0.9358407079646017	0.05528689060253562
ABC	0.9358407079646017	0.05492079979226175
ABC	0.9358407079646017	0.05455952534502773
ABC	0.9358407079646017	0.05420297283444388
ABC	0.9380530973451328	0.05397835773392744
ABC	0.9380530973451328	0.05363015431317986
ABC	0.9380530973451328	0.053286414477818275
ABC	0.9380530973451328	0.052947052947052944
ABC	0.9402654867256637	0.052736071472887454
ABC	0.9402654867256637	0.05240443896424168
ABC	0.9402654867256637	0.052076951354000735
ABC	0.9402654867256637	0.051753531417437895
ABC	0.9402654867256637	0.05143410383637904
ABC	0.9402654867256637	0.05111859514072649
ABC	0.9402654867256637	0.05080693365212194
ABC	0.9402654867256637	0.05049904942965779
ABC	0.9402654867256637	0.05019487421755049
ABC	0.9402654867256637	0.04989434139469359
ABC	0.9402654867256637	0.04959738592601237
ABC	0.9402654867256637	0.049303944315545245
ABC	0.9402654867256637	0.04901395456118095
ABC	0.9402654867256637	0.04872735611098372
ABC	0.9402654867256637	0.048444089821041834
ABC	0.9424778761061947	0.04827742520398912
ABC	0.9424778761061947	0.048
ABC	0.9424778761061947	0.0477257450145642
ABC	0.9424778761061947	0.04745460621588504
ABC	0.9424778761061947	0.04718653079308817
ABC	0.9424778761061947	0.046921467121929725
ABC	0.9424778761061947	0.046659364731653885
ABC	0.9424778761061947	0.046400174272955015
ABC	0.9424778761061947	0.04614384748700173
ABC	0.9469026548672567	0.04610578476785522
ABC	0.9491150442477876	0.04596100278551532
ABC	0.9557522123893806	0.046030900372935536
ABC	0.9646017699115044	0.046206019499788045
ABC	0.9668141592920354	0.046063033624960475
ABC	0.9712389380530974	0.046026420633256446
ABC	0.9778761061946902	0.04609448326207112
ABC	0.9778761061946902	0.045850622406639
ABC	0.9778761061946902	0.045609328242699414
ABC	0.9778761061946902	0.045370560459864505
ABC	0.9800884955752213	0.04523639334218319
ABC	0.9800884955752213	0.045002031694433155
ABC	0.9867256637168141	0.04507326932794341
ABC	0.9867256637168141	0.04484214759702393
ABC	0.9933628318584071	0.044913474042212666
ABC	0.9933628318584071	0.04468550955414013
ABC	0.995575221238938	0.0445588672145757
ABC	0.995575221238938	0.04433497536945813
ABC	0.995575221238938	0.04411332222331144
ABC	0.9977876106194691	0.043991416309012876
ARC_E2G	0.0022123893805309734	1.0
ARC_E2G	0.09292035398230089	0.8076923076923077
ARC_E2G	0.18141592920353983	0.7961165048543689
ARC_E2G	0.252212389380531	0.7402597402597403
ARC_E2G	0.3008849557522124	0.6634146341463415
ARC_E2G	0.3606194690265487	0.63671875
ARC_E2G	0.415929203539823	0.6123778501628665
ARC_E2G	0.45132743362831856	0.5698324022346368
ARC_E2G	0.49557522123893805	0.5476772616136919
ARC_E2G	0.5309734513274337	0.5217391304347826
ARC_E2G	0.5685840707964602	0.50293542074364
ARC_E2G	0.6017699115044248	0.48398576512455516
ARC_E2G	0.6216814159292036	0.45840130505709625
ARC_E2G	0.6482300884955752	0.44126506024096385
ARC_E2G	0.672566371681416	0.4251748251748252
ARC_E2G	0.6792035398230089	0.4007832898172324
ARC_E2G	0.6924778761061947	0.38310893512851896
ARC_E2G	0.7101769911504425	0.36981566820276496
ARC_E2G	0.7146017699115044	0.3514689880304679
ARC_E2G	0.7278761061946902	0.3391752577319588
ARC_E2G	0.7433628318584071	0.32908912830558273
ARC_E2G	0.754424778761062	0.3180970149253731
ARC_E2G	0.7610619469026548	0.30632235084594833
ARC_E2G	0.7721238938053098	0.2972742759795571
ARC_E2G	0.7765486725663717	0.28653061224489795
ARC_E2G	0.7898230088495575	0.2797805642633229
ARC_E2G	0.7920353982300885	0.26978146194423513
ARC_E2G	0.7986725663716814	0.26197387518142234
ARC_E2G	0.8008849557522124	0.25332400279916023
ARC_E2G	0.8053097345132744	0.24594594594594596
ARC_E2G	0.8097345132743363	0.23905943827563683
ARC_E2G	0.8119469026548672	0.23198482932996206
ARC_E2G	0.8141592920353983	0.22535211267605634
ARC_E2G	0.8141592920353983	0.21852731591448932
ARC_E2G	0.8163716814159292	0.21268011527377523
ARC_E2G	0.8185840707964602	0.20716685330347145
ARC_E2G	0.8296460176991151	0.20413718018508437
ARC_E2G	0.831858407079646	0.19915254237288135
ARC_E2G	0.838495575221239	0.19546157813305828
ARC_E2G	0.838495575221239	0.19045226130653267
ARC_E2G	0.8407079646017699	0.18618324350808427
ARC_E2G	0.8407079646017699	0.18164435946462715
ARC_E2G	0.8407079646017699	0.17732151189920672
ARC_E2G	0.8407079646017699	0.1731996353691887
ARC_E2G	0.8407079646017699	0.16926503340757237
ARC_E2G	0.8429203539823009	0.16594076655052264
ARC_E2G	0.8429203539823009	0.16233489561141884
ARC_E2G	0.8429203539823009	0.15888240200166806
ARC_E2G	0.8473451327433629	0.1563903634136382
ARC_E2G	0.8539823008849557	0.1544
ARC_E2G	0.8539823008849557	0.15131321050568405
ARC_E2G	0.8561946902654868	0.14873174481168333
ARC_E2G	0.8628318584070797	0.14700339238597815
ARC_E2G	0.8672566371681416	0.14497041420118342
ARC_E2G	0.8672566371681416	0.14228675136116153
ARC_E2G	0.8672566371681416	0.1397006414825374
ARC_E2G	0.8672566371681416	0.13720686034301716
ARC_E2G	0.8672566371681416	0.13480055020632736
ARC_E2G	0.8694690265486725	0.13281514025008448
ARC_E2G	0.8716814159292036	0.13089700996677742
ARC_E2G	0.8761061946902655	0.12936948709572035
ARC_E2G	0.8761061946902655	0.12724935732647816
ARC_E2G	0.8761061946902655	0.12519759721783116
ARC_E2G	0.8761061946902655	0.12321095208462975
ARC_E2G	0.8761061946902655	0.1212863705972435
ARC_E2G	0.8761061946902655	0.11942098914354644
ARC_E2G	0.8805309734513275	0.1182061182061182
ARC_E2G	0.8805309734513275	0.11644236395552955
ARC_E2G	0.8827433628318584	0.11501873738829634
ARC_E2G	0.8827433628318584	0.11335227272727273
ARC_E2G	0.8827433628318584	0.11173340800896107
ARC_E2G	0.8827433628318584	0.1101601325234677
ARC_E2G	0.8849557522123894	0.10890280424720937
ARC_E2G	0.8871681415929203	0.10767991407089152
ARC_E2G	0.8893805309734514	0.10649006622516556
ARC_E2G	0.8915929203539823	0.10533193936225824
ARC_E2G	0.8938053097345132	0.10420428166107815
ARC_E2G	0.8938053097345132	0.10285132382892057
ARC_E2G	0.8938053097345132	0.1015330485046494
ARC_E2G	0.8938053097345132	0.10024813895781638
ARC_E2G	0.8938053097345132	0.09899534427836315
ARC_E2G	0.8938053097345132	0.09777347531461762
ARC_E2G	0.8938053097345132	0.09658140090843892
ARC_E2G	0.8960176991150443	0.0956542276806802
ARC_E2G	0.8960176991150443	0.09451575262543757
ARC_E2G	0.8960176991150443	0.0934040590405904
ARC_E2G	0.8960176991150443	0.09231821290175518
ARC_E2G	0.8960176991150443	0.09125732311852186
ARC_E2G	0.8960176991150443	0.09022053909556695
ARC_E2G	0.8960176991150443	0.08920704845814978
ARC_E2G	0.8960176991150443	0.08821607492920933
ARC_E2G	0.8960176991150443	0.08724687634640241
ARC_E2G	0.8960176991150443	0.0862987428084381
ARC_E2G	0.8982300884955752	0.08558178752107926
ARC_E2G	0.9004424778761062	0.0848800834202294
ARC_E2G	0.9004424778761062	0.08398679323153116
ARC_E2G	0.9004424778761062	0.08311210945476823
ARC_E2G	0.9026548672566371	0.08245755860953921
ARC_E2G	0.9048672566371682	0.08181636327265453
ARC_E2G	0.9048672566371682	0.08099009900990099
ARC_E2G	0.9048672566371682	0.08018035679278573
ARC_E2G	0.9048672566371682	0.07938664596273291
ARC_E2G	0.9070796460176991	0.07880069190851433
ARC_E2G	0.9070796460176991	0.07803578226113438
ARC_E2G	0.9070796460176991	0.07728557964184732
ARC_E2G	0.9070796460176991	0.0765496639283047
ARC_E2G	0.911504424778761	0.07619752173108933
ARC_E2G	0.911504424778761	0.0754855258336387
ARC_E2G	0.911504424778761	0.07478671265202395
ARC_E2G	0.9137168141592921	0.07428057553956835
ARC_E2G	0.9137168141592921	0.0736054179290679
ARC_E2G	0.9137168141592921	0.07294242317202403
ARC_E2G	0.9137168141592921	0.07229126553474531
ARC_E2G	0.9137168141592921	0.07165163081193615
ARC_E2G	0.9137168141592921	0.07102321582115219
ARC_E2G	0.915929203539823	0.0705762018411183
ARC_E2G	0.9203539823008849	0.070305898259253
ARC_E2G	0.9203539823008849	0.06970509383378017
ARC_E2G	0.9247787610619469	0.06944675195215153
ARC_E2G	0.9247787610619469	0.06886326194398681
ARC_E2G	0.9247787610619469	0.06828949518052606
ARC_E2G	0.9247787610619469	0.06772521062864549
ARC_E2G	0.9247787610619469	0.06717017515667685
ARC_E2G	0.9269911504424779	0.06678355116353203
ARC_E2G	0.9269911504424779	0.06624505928853755
ARC_E2G	0.9292035398230089	0.06587202007528231
ARC_E2G	0.9314159292035398	0.06550490119807063
ARC_E2G	0.9314159292035398	0.06498919419573942
ARC_E2G	0.9314159292035398	0.06448154388114566
ARC_E2G	0.9314159292035398	0.06398176291793313
ARC_E2G	0.9314159292035398	0.06348966973307194
ARC_E2G	0.9314159292035398	0.06300508829691709
ARC_E2G	0.9314159292035398	0.06252784791326303
ARC_E2G	0.9314159292035398	0.062057783018867926
ARC_E2G	0.9314159292035398	0.061594732991953186
ARC_E2G	0.9314159292035398	0.061138541969212895
ARC_E2G	0.9336283185840708	0.060833213204555286
ARC_E2G	0.9336283185840708	0.060389238694905555
ARC_E2G	0.9358407079646017	0.060093763318653216
ARC_E2G	0.9358407079646017	0.059661495063469676
ARC_E2G	0.9358407079646017	0.05923540120431312
ARC_E2G	0.9380530973451328	0.058954393770856504
ARC_E2G	0.9380530973451328	0.058539279304155735
ARC_E2G	0.9380530973451328	0.058129969838223196
ARC_E2G	0.9380530973451328	0.057726344452008166
ARC_E2G	0.9380530973451328	0.057328285559762035
ARC_E2G	0.9380530973451328	0.05693567879683094
ARC_E2G	0.9380530973451328	0.05654841291010936
ARC_E2G	0.9380530973451328	0.05616637965293416
ARC_E2G	0.9380530973451328	0.05578947368421053
ARC_E2G	0.9380530973451328	0.055417592471572345
ARC_E2G	0.9380530973451328	0.05505063619839003
ARC_E2G	0.9380530973451328	0.0546885076744486
ARC_E2G	0.9380530973451328	0.05433111225012814
ARC_E2G	0.9380530973451328	0.05397835773392744
ARC_E2G	0.9380530973451328	0.05363015431317986
ARC_E2G	0.9402654867256637	0.05341208998366218
ARC_E2G	0.9402654867256637	0.05307192807192807
ARC_E2G	0.9402654867256637	0.052736071472887454
ARC_E2G	0.9402654867256637	0.05240443896424168
ARC_E2G	0.9402654867256637	0.052076951354000735
ARC_E2G	0.9402654867256637	0.051753531417437895
ARC_E2G	0.9402654867256637	0.05143410383637904
ARC_E2G	0.9402654867256637	0.05111859514072649
ARC_E2G	0.9402654867256637	0.05080693365212194
ARC_E2G	0.9402654867256637	0.05049904942965779
ARC_E2G	0.9402654867256637	0.05019487421755049
ARC_E2G	0.9402654867256637	0.04989434139469359
ARC_E2G	0.9402654867256637	0.04959738592601237
ARC_E2G	0.9402654867256637	0.049303944315545245
ARC_E2G	0.9402654867256637	0.04901395456118095
ARC_E2G	0.9402654867256637	0.04872735611098372
ARC_E2G	0.9424778761061947	0.0485580759147384
ARC_E2G	0.9424778761061947	0.04827742520398912
ARC_E2G	0.9424778761061947	0.048
ARC_E2G	0.9424778761061947	0.0477257450145642
ARC_E2G	0.9424778761061947	0.04745460621588504
ARC_E2G	0.9424778761061947	0.04718653079308817
ARC_E2G	0.9424778761061947	0.046921467121929725
ARC_E2G	0.9424778761061947	0.046659364731653885
ARC_E2G	0.9424778761061947	0.046400174272955015
ARC_E2G	0.9424778761061947	0.04614384748700173
ARC_E2G	0.9469026548672567	0.04610578476785522
ARC_E2G	0.9491150442477876	0.04596100278551532
ARC_E2G	0.9557522123893806	0.046030900372935536
ARC_E2G	0.9646017699115044	0.046206019499788045
ARC_E2G	0.9668141592920354	0.046063033624960475
ARC_E2G	0.9712389380530974	0.046026420633256446
ARC_E2G	0.9778761061946902	0.04609448326207112
ARC_E2G	0.9778761061946902	0.045850622406639
ARC_E2G	0.9778761061946902	0.045609328242699414
ARC_E2G	0.9778761061946902	0.045370560459864505
ARC_E2G	0.9800884955752213	0.04523639334218319
ARC_E2G	0.9800884955752213	0.045002031694433155
ARC_E2G	0.9867256637168141	0.04507326932794341
ARC_E2G	0.9867256637168141	0.04484214759702393
ARC_E2G	0.9933628318584071	0.044913474042212666
ARC_E2G	0.9933628318584071	0.04468550955414013
ARC_E2G	0.995575221238938	0.0445588672145757
ARC_E2G	0.995575221238938	0.04433497536945813
ARC_E2G	0.995575221238938	0.04411332222331144
ARC_E2G	0.9977876106194691	0.043991416309012876
