tag,fit0_intercept,fit0_slope,fit0_theta,fit1_intercept,fit1_slope,fit1_theta,n_iter,frac_positive
CGAAGCCC,-0.47024702719683165,0.4946769268365902,19.971739476880487,-1.7448886951198035,1.2087595581452752,14.085006708197234,10,0.13777034293224996
ACATGCGT,-0.11152497434751014,0.5553946249018367,21.551124026649045,-1.4210152460690832,1.1316776561246105,8.961238061941623,10,0.22471820607798623
TAAGGCTC,-0.19660186349060937,0.4979958627196944,23.030187733618128,-1.9549728722544801,1.2322489598656918,13.072995232683642,10,0.1591986298641813
CCATGGCG,-0.20489925865518716,0.5016553406698145,14.441345616670997,-1.8201560114913673,1.2434316470790336,20.950599704026384,10,0.1274146652328036
AAAGGGGA,0.0835117928794297,0.4268603601592508,15.712787046918319,-1.7613842225659957,1.2389805263138471,26.70040325094775,10,0.197614211176166
TTACGGTG,-0.27209211339445905,0.43201308862666005,18.223326316348924,-1.833930313324983,1.2554743017820895,31.522970837419685,10,0.20458437885848568
GCATGTAC,-0.19531842573472247,0.448974741134288,15.213433768398396,-1.6506220594238636,1.1977839264693568,12.232296732312822,10,0.11160234197634127
CAAGGTCT,0.1829405273723561,0.4169277705982174,11.831982343812816,-1.4035556155186553,1.1846552063392062,24.800697523507015,10,0.19789301788345878
GCAGTATC,-0.7549497039935771,0.41401803804340254,14.268361528194546,-2.147738056952998,1.3001846070839735,29.53815078764185,10,0.13587844027562035
AGATTCCG,-0.8012315717575468,0.42360493681753003,19.02176721308984,-1.8970278072209272,1.2701718019790045,49.12950953059117,10,0.16218584458517546
TCAGTCGA,-0.4348254066181855,0.4110986179947598,11.981679221451621,-2.2848014287678162,1.313710955474837,26.32713280901006,10,0.16258413988130802
GAACTCTG,-0.5787032174062848,0.444895195697561,10.485194288957114,-2.0015922331105616,1.2757366672009627,27.423165731822063,10,0.17493129406141714
CGATTGAC,-1.7080997917960388,0.4615281778319479,11.190757254309839,-1.657668397406144,1.2414698798124484,95.71024080072567,10,0.05715537499502131
