cell,call
bc1_1,bc1
bc1_2,bc1
bc1_3,bc1
bc1_4,bc1
bc1_5,bc1
bc1_6,bc1
bc1_7,bc1
bc1_8,bc1
bc1_9,bc1
bc1_10,bc1
bc1_11,bc1
bc1_12,bc1
bc1_13,bc1
bc1_14,bc1
bc1_15,bc1
bc1_16,bc1
bc1_17,bc1
bc1_18,bc1
bc1_19,bc1
bc1_20,bc1
bc1_21,bc1
bc1_22,bc1
bc1_23,bc1
bc1_24,bc1
bc1_25,bc1
bc1_26,bc1
bc1_27,bc1
bc1_28,bc1
bc1_29,bc1
bc1_30,bc1
bc1_31,bc1
bc1_32,bc1
bc1_33,bc1
bc1_34,bc1
bc1_35,bc1
bc1_36,bc1
bc1_37,bc1
bc1_38,bc1
bc1_39,bc1
bc1_40,bc1
bc1_41,bc1
bc1_42,bc1
bc1_43,bc1
bc1_44,bc1
bc1_45,bc1
bc1_46,bc1
bc1_47,bc1
bc1_48,bc1
bc1_49,bc1
bc1_50,bc1
bc1_51,bc1
bc1_52,bc1
bc1_53,bc1
bc1_54,bc1
bc1_55,bc1
bc1_56,bc1
bc1_57,bc1
bc1_58,bc1
bc1_59,bc1
bc1_60,bc1
bc1_61,bc1
bc1_62,bc1
bc1_63,bc1
bc1_64,bc1
bc1_65,bc1
bc1_66,bc1
bc1_67,bc1
bc1_68,bc1
bc1_69,bc1
bc1_70,bc1
bc1_71,bc1
bc1_72,bc1
bc1_73,bc1
bc1_74,bc1
bc1_75,bc1
bc1_76,bc1
bc1_77,bc1
bc1_78,bc1
bc1_79,bc1
bc1_80,bc1
bc1_81,bc1
bc1_82,bc1
bc1_83,bc1
bc1_84,bc1
bc1_85,bc1
bc1_86,bc1
bc1_87,bc1
bc1_88,bc1
bc1_89,bc1
bc1_90,bc1
bc1_91,bc1
bc1_92,bc1
bc1_93,bc1
bc1_94,bc1
bc1_95,bc1
bc1_96,bc1
bc1_97,bc1
bc1_98,bc1
bc1_99,bc1
bc1_100,bc1
bc1_101,bc1
bc1_102,bc1
bc1_103,bc1
bc1_104,bc1
bc1_105,bc1
bc1_106,bc1
bc1_107,bc1
bc1_108,bc1
bc1_109,bc1
bc1_110,bc1
bc1_111,bc1
bc1_112,bc1
bc1_113,bc1
bc1_114,bc1
bc1_115,bc1
bc1_116,bc1
bc1_117,bc1
bc1_118,bc1
bc1_119,bc1
bc1_120,bc1
bc1_121,bc1
bc1_122,bc1
bc1_123,bc1
bc1_124,bc1
bc1_125,bc1
bc1_126,bc1
bc1_127,bc1
bc1_128,bc1
bc1_129,bc1
bc1_130,bc1
bc1_131,bc1
bc1_132,bc1
bc1_133,bc1
bc1_134,bc1
bc1_135,bc1
bc1_136,bc1
bc1_137,bc1
bc1_138,bc1
bc1_139,bc1
bc1_140,bc1
bc1_141,bc1
bc1_142,bc1
bc1_143,bc1
bc1_144,bc1
bc1_145,bc1
bc1_146,bc1
bc1_147,bc1
bc1_148,bc1
bc1_149,bc1
bc1_150,bc1
bc1_151,bc1
bc1_152,bc1
bc1_153,bc1
bc1_154,bc1
bc1_155,bc1
bc1_156,bc1
bc1_157,bc1
bc1_158,bc1
bc1_159,bc1
bc1_160,bc1
bc1_161,bc1
bc1_162,bc1
bc1_163,bc1
bc1_164,bc1
bc1_165,bc1
bc1_166,bc1
bc1_167,bc1
bc1_168,bc1
bc1_169,bc1
bc1_170,bc1
bc1_171,bc1
bc1_172,bc1
bc1_173,bc1
bc1_174,bc1
bc1_175,bc1
bc1_176,bc1
bc1_177,bc1
bc1_178,bc1
bc1_179,bc1
bc1_180,bc1
bc1_181,bc1
bc1_182,bc1
bc1_183,bc1
bc1_184,bc1
bc1_185,bc1
bc1_186,bc1
bc1_187,bc1
bc1_188,bc1
bc1_189,bc1
bc1_190,bc1
bc1_191,bc1
bc1_192,bc1
bc1_193,bc1
bc1_194,bc1
bc1_195,bc1
bc1_196,bc1
bc1_197,bc1
bc1_198,bc1
bc1_199,bc1
bc1_200,bc1
bc1_201,bc1
bc1_202,bc1
bc1_203,bc1
bc1_204,bc1
bc1_205,bc1
bc1_206,bc1
bc1_207,bc1
bc1_208,bc1
bc1_209,bc1
bc1_210,bc1
bc1_211,bc1
bc1_212,bc1
bc1_213,bc1
bc1_214,bc1
bc1_215,bc1
bc1_216,bc1
bc1_217,bc1
bc1_218,bc1
bc1_219,bc1
bc1_220,bc1
bc1_221,bc1
bc1_222,bc1
bc1_223,bc1
bc1_224,bc1
bc1_225,bc1
bc1_226,bc1
bc1_227,bc1
bc1_228,bc1
bc1_229,bc1
bc1_230,bc1
bc1_231,bc1
bc1_232,bc1
bc1_233,bc1
bc1_234,bc1
bc1_235,bc1
bc1_236,bc1
bc1_237,bc1
bc1_238,bc1
bc1_239,bc1
bc1_240,bc1
bc1_241,bc1
bc1_242,bc1
bc1_243,bc1
bc1_244,bc1
bc1_245,bc1
bc1_246,bc1
bc1_247,bc1
bc1_248,bc1
bc1_249,bc1
bc1_250,bc1
bc1_251,bc1
bc1_252,bc1
bc1_253,bc1
bc1_254,bc1
bc1_255,bc1
bc1_256,bc1
bc1_257,bc1
bc1_258,bc1
bc1_259,bc1
bc1_260,bc1
bc1_261,bc1
bc1_262,bc1
bc1_263,bc1
bc1_264,bc1
bc1_265,bc1
bc1_266,bc1
bc1_267,bc1
bc1_268,bc1
bc1_269,bc1
bc1_270,bc1
bc1_271,bc1
bc1_272,bc1
bc1_273,bc1
bc1_274,bc1
bc1_275,bc1
bc1_276,bc1
bc1_277,bc1
bc1_278,bc1
bc1_279,bc1
bc1_280,bc1
bc1_281,bc1
bc1_282,bc1
bc1_283,bc1
bc1_284,bc1
bc1_285,bc1
bc1_286,bc1
bc1_287,bc1
bc1_288,bc1
bc1_289,bc1
bc1_290,bc1
bc1_291,bc1
bc1_292,bc1
bc1_293,bc1
bc1_294,bc1
bc1_295,bc1
bc1_296,bc1
bc1_297,bc1
bc1_298,bc1
bc1_299,bc1
bc1_300,bc1
bc1_301,bc1
bc1_302,bc1
bc1_303,bc1
bc1_304,bc1
bc1_305,bc1
bc1_306,bc1
bc1_307,bc1
bc1_308,bc1
bc1_309,bc1
bc1_310,bc1
bc1_311,bc1
bc1_312,bc1
bc1_313,bc1
bc1_314,bc1
bc1_315,bc1
bc1_316,bc1
bc1_317,bc1
bc1_318,bc1
bc1_319,bc1
bc1_320,bc1
bc1_321,bc1
bc1_322,bc1
bc1_323,bc1
bc1_324,bc1
bc1_325,bc1
bc1_326,bc1
bc1_327,bc1
bc1_328,bc1
bc1_329,bc1
bc1_330,bc1
bc1_331,bc1
bc1_332,bc1
bc1_333,bc1
bc1_334,bc1
bc1_335,bc1
bc1_336,bc1
bc1_337,bc1
bc1_338,bc1
bc1_339,bc1
bc1_340,bc1
bc1_341,bc1
bc1_342,bc1
bc1_343,bc1
bc1_344,bc1
bc1_345,bc1
bc1_346,bc1
bc1_347,bc1
bc1_348,bc1
bc1_349,bc1
bc1_350,bc1
bc1_351,bc1
bc1_352,bc1
bc1_353,bc1
bc1_354,bc1
bc1_355,bc1
bc1_356,bc1
bc1_357,bc1
bc1_358,bc1
bc1_359,bc1
bc1_360,bc1
bc1_361,bc1
bc1_362,bc1
bc1_363,bc1
bc1_364,bc1
bc1_365,bc1
bc1_366,bc1
bc1_367,bc1
bc1_368,bc1
bc1_369,bc1
bc1_370,bc1
bc1_371,bc1
bc1_372,bc1
bc1_373,bc1
bc1_374,bc1
bc1_375,bc1
bc1_376,bc1
bc1_377,bc1
bc1_378,bc1
bc1_379,bc1
bc1_380,bc1
bc1_381,bc1
bc1_382,bc1
bc1_383,bc1
bc1_384,bc1
bc1_385,bc1
bc1_386,bc1
bc1_387,bc1
bc1_388,bc1
bc1_389,bc1
bc1_390,bc1
bc1_391,bc1
bc1_392,bc1
bc1_393,bc1
bc1_394,bc1
bc1_395,bc1
bc1_396,bc1
bc1_397,bc1
bc1_398,bc1
bc1_399,bc1
bc1_400,bc1
bc1_401,bc1
bc1_402,bc1
bc1_403,bc1
bc1_404,bc1
bc1_405,bc1
bc1_406,bc1
bc1_407,bc1
bc1_408,bc1
bc1_409,bc1
bc1_410,bc1
bc1_411,bc1
bc1_412,bc1
bc1_413,bc1
bc1_414,bc1
bc1_415,bc1
bc1_416,bc1
bc1_417,bc1
bc1_418,bc1
bc1_419,bc1
bc1_420,bc1
bc1_421,bc1
bc1_422,bc1
bc1_423,bc1
bc1_424,bc1
bc1_425,bc1
bc1_426,bc1
bc1_427,bc1
bc1_428,bc1
bc1_429,bc1
bc1_430,bc1
bc1_431,bc1
bc1_432,bc1
bc1_433,bc1
bc1_434,bc1
bc1_435,bc1
bc1_436,bc1
bc1_437,bc1
bc1_438,bc1
bc1_439,bc1
bc1_440,bc1
bc1_441,bc1
bc1_442,bc1
bc1_443,bc1
bc1_444,bc1
bc1_445,bc1
bc1_446,bc1
bc2_1,bc2
bc2_2,bc2
bc2_3,bc2
bc2_4,bc2
bc2_5,bc2
bc2_6,bc2
bc2_7,bc2
bc2_8,bc2
bc2_9,bc2
bc2_10,bc2
bc2_11,bc2
bc2_12,bc2
bc2_13,bc2
bc2_14,bc2
bc2_15,bc2
bc2_16,bc2
bc2_17,bc2
bc2_18,bc2
bc2_19,bc2
bc2_20,bc2
bc2_21,bc2
bc2_22,bc2
bc2_23,bc2
bc2_24,bc2
bc2_25,bc2
bc2_26,bc2
bc2_27,bc2
bc2_28,bc2
bc2_29,bc2
bc2_30,bc2
bc2_31,bc2
bc2_32,bc2
bc2_33,bc2
bc2_34,bc2
bc2_35,bc2
bc2_36,bc2
bc2_37,bc2
bc2_38,bc2
bc2_39,bc2
bc2_40,bc2
bc2_41,bc2
bc2_42,bc2
bc2_43,bc2
bc2_44,bc2
bc2_45,bc2
bc2_46,bc2
bc2_47,bc2
bc2_48,bc2
bc2_49,bc2
bc2_50,bc2
bc2_51,bc2
bc2_52,bc2
bc2_53,bc2
bc2_54,bc2
bc2_55,bc2
bc2_56,bc2
bc2_57,bc2
bc2_58,bc2
bc2_59,bc2
bc2_60,bc2
bc2_61,bc2
bc2_62,bc2
bc2_63,bc2
bc2_64,bc2
bc2_65,bc2
bc2_66,bc2
bc2_67,bc2
bc2_68,bc2
bc2_69,bc2
bc2_70,bc2
bc2_71,bc2
bc2_72,bc2
bc2_73,bc2
bc2_74,bc2
bc2_75,bc2
bc2_76,bc2
bc2_77,bc2
bc2_78,bc2
bc2_79,bc2
bc2_80,bc2
bc2_81,bc2
bc2_82,bc2
bc2_83,bc2
bc2_84,bc2
bc2_85,bc2
bc2_86,bc2
bc2_87,bc2
bc2_88,bc2
bc2_89,bc2
bc2_90,bc2
bc2_91,bc2
bc2_92,bc2
bc2_93,bc2
bc2_94,bc2
bc2_95,bc2
bc2_96,bc2
bc2_97,bc2
bc2_98,bc2
bc2_99,bc2
bc2_100,bc2
bc2_101,bc2
bc2_102,bc2
bc2_103,bc2
bc2_104,bc2
bc2_105,bc2
bc2_106,bc2
bc2_107,bc2
bc2_108,bc2
bc2_109,bc2
bc2_110,bc2
bc2_111,bc2
bc2_112,bc2
bc2_113,bc2
bc2_114,bc2
bc2_115,bc2
bc2_116,bc2
bc2_117,bc2
bc2_118,bc2
bc2_119,bc2
bc2_120,bc2
bc2_121,bc2
bc2_122,bc2
bc2_123,bc2
bc2_124,bc2
bc2_125,bc2
bc2_126,bc2
bc2_127,bc2
bc2_128,bc2
bc2_129,bc2
bc2_130,bc2
bc2_131,bc2
bc2_132,bc2
bc2_133,bc2
bc2_134,bc2
bc2_135,bc2
bc2_136,bc2
bc2_137,bc2
bc2_138,bc2
bc2_139,bc2
bc2_140,bc2
bc2_141,bc2
bc2_142,bc2
bc2_143,bc2
bc2_144,bc2
bc2_145,bc2
bc2_146,bc2
bc2_147,bc2
bc2_148,bc2
bc2_149,bc2
bc2_150,bc2
bc2_151,bc2
bc2_152,bc2
bc2_153,bc2
bc2_154,bc2
bc2_155,bc2
bc2_156,bc2
bc2_157,bc2
bc2_158,bc2
bc2_159,bc2
bc2_160,bc2
bc2_161,bc2
bc2_162,bc2
bc2_163,bc2
bc2_164,bc2
bc2_165,bc2
bc2_166,bc2
bc2_167,bc2
bc2_168,bc2
bc2_169,bc2
bc2_170,bc2
bc2_171,bc2
bc2_172,bc2
bc2_173,bc2
bc2_174,bc2
bc2_175,bc2
bc2_176,bc2
bc2_177,bc2
bc2_178,bc2
bc2_179,bc2
bc2_180,bc2
bc2_181,bc2
bc2_182,bc2
bc2_183,bc2
bc2_184,bc2
bc2_185,bc2
bc2_186,bc2
bc2_187,bc2
bc2_188,bc2
bc2_189,bc2
bc2_190,bc2
bc2_191,bc2
bc2_192,bc2
bc2_193,bc2
bc2_194,bc2
bc2_195,bc2
bc2_196,bc2
bc2_197,bc2
bc2_198,bc2
bc2_199,bc2
bc2_200,bc2
bc2_201,bc2
bc2_202,bc2
bc2_203,bc2
bc2_204,bc2
bc2_205,bc2
bc2_206,bc2
bc2_207,bc2
bc2_208,bc2
bc2_209,bc2
bc2_210,bc2
bc2_211,bc2
bc2_212,bc2
bc2_213,bc2
bc2_214,bc2
bc2_215,bc2
bc2_216,bc2
bc2_217,bc2
bc2_218,bc2
bc2_219,bc2
bc2_220,bc2
bc2_221,bc2
bc2_222,bc2
bc2_223,bc2
bc2_224,bc2
bc2_225,bc2
bc2_226,bc2
bc2_227,bc2
bc2_228,bc2
bc2_229,bc2
bc2_230,bc2
bc2_231,bc2
bc2_232,bc2
bc2_233,bc2
bc2_234,bc2
bc2_235,bc2
bc2_236,bc2
bc2_237,bc2
bc2_238,bc2
bc2_239,bc2
bc2_240,bc2
bc2_241,bc2
bc2_242,bc2
bc2_243,bc2
bc2_244,bc2
bc2_245,bc2
bc2_246,bc2
bc2_247,bc2
bc2_248,bc2
bc2_249,bc2
bc2_250,bc2
bc2_251,bc2
bc2_252,bc2
bc2_253,bc2
bc2_254,bc2
bc2_255,bc2
bc2_256,bc2
bc2_257,bc2
bc2_258,bc2
bc2_259,bc2
bc2_260,bc2
bc2_261,bc2
bc2_262,bc2
bc2_263,bc2
bc2_264,bc2
bc2_265,bc2
bc2_266,bc2
bc2_267,bc2
bc2_268,bc2
bc2_269,bc2
bc2_270,bc2
bc2_271,bc2
bc2_272,bc2
bc2_273,bc2
bc2_274,bc2
bc2_275,bc2
bc2_276,bc2
bc2_277,bc2
bc2_278,bc2
bc2_279,bc2
bc2_280,bc2
bc2_281,bc2
bc2_282,bc2
bc2_283,bc2
bc2_284,bc2
bc2_285,bc2
bc2_286,bc2
bc2_287,bc2
bc2_288,bc2
bc2_289,bc2
bc2_290,bc2
bc2_291,bc2
bc2_292,bc2
bc2_293,bc2
bc2_294,bc2
bc2_295,bc2
bc2_296,bc2
bc2_297,bc2
bc2_298,bc2
bc2_299,bc2
bc2_300,bc2
bc2_301,bc2
bc2_302,bc2
bc2_303,bc2
bc2_304,bc2
bc2_305,bc2
bc2_306,bc2
bc2_307,bc2
bc2_308,bc2
bc2_309,bc2
bc2_310,bc2
bc2_311,bc2
bc2_312,bc2
bc2_313,bc2
bc2_314,bc2
bc2_315,bc2
bc2_316,bc2
bc2_317,bc2
bc2_318,bc2
bc2_319,bc2
bc2_320,bc2
bc2_321,bc2
bc2_322,bc2
bc2_323,bc2
bc2_324,bc2
bc2_325,bc2
bc2_326,bc2
bc2_327,bc2
bc2_328,bc2
bc2_329,bc2
bc2_330,bc2
bc2_331,bc2
bc2_332,bc2
bc2_333,bc2
bc2_334,bc2
bc2_335,bc2
bc2_336,bc2
bc2_337,bc2
bc2_338,bc2
bc2_339,bc2
bc2_340,bc2
bc2_341,bc2
bc2_342,bc2
bc2_343,bc2
bc2_344,bc2
bc2_345,bc2
bc2_346,bc2
bc2_347,bc2
bc2_348,bc2
bc2_349,bc2
bc2_350,bc2
bc2_351,bc2
bc2_352,bc2
bc2_353,bc2
bc2_354,bc2
bc2_355,bc2
bc2_356,bc2
bc2_357,bc2
bc2_358,bc2
bc2_359,bc2
bc2_360,bc2
bc2_361,bc2
bc2_362,bc2
bc2_363,bc2
bc2_364,bc2
bc2_365,bc2
bc3_1,bc3
bc3_2,bc3
bc3_3,bc3
bc3_4,bc3
bc3_5,bc3
bc3_6,bc3
bc3_7,bc3
bc3_8,bc3
bc3_9,bc3
bc3_10,bc3
bc3_11,bc3
bc3_12,bc3
bc3_13,bc3
bc3_14,bc3
bc3_15,bc3
bc3_16,bc3
bc3_17,bc3
bc3_18,bc3
bc3_19,bc3
bc3_20,bc3
bc3_21,bc3
bc3_22,bc3
bc3_23,bc3
bc3_24,bc3
bc3_25,bc3
bc3_26,bc3
bc3_27,bc3
bc3_28,bc3
bc3_29,bc3
bc3_30,bc3
bc3_31,bc3
bc3_32,bc3
bc3_33,bc3
bc3_34,bc3
bc3_35,bc3
bc3_36,bc3
bc3_37,bc3
bc3_38,bc3
bc3_39,bc3
bc3_40,bc3
bc3_41,bc3
bc3_42,bc3
bc3_43,bc3
bc3_44,bc3
bc3_45,bc3
bc3_46,bc3
bc3_47,bc3
bc3_48,bc3
bc3_49,bc3
bc3_50,bc3
bc3_51,bc3
bc3_52,bc3
bc3_53,bc3
bc3_54,bc3
bc3_55,bc3
bc3_56,bc3
bc3_57,bc3
bc3_58,bc3
bc3_59,bc3
bc3_60,bc3
bc3_61,bc3
bc3_62,bc3
bc3_63,bc3
bc3_64,bc3
bc3_65,bc3
bc3_66,bc3
bc3_67,bc3
bc3_68,bc3
bc3_69,bc3
bc3_70,bc3
bc3_71,bc3
bc3_72,bc3
bc3_73,bc3
bc3_74,bc3
bc3_75,bc3
bc3_76,bc3
bc3_77,bc3
bc3_78,bc3
bc3_79,bc3
bc3_80,bc3
bc3_81,bc3
bc3_82,bc3
bc3_83,bc3
bc3_84,bc3
bc3_85,bc3
bc3_86,bc3
bc3_87,bc3
bc3_88,bc3
bc3_89,bc3
bc3_90,bc3
bc3_91,bc3
bc3_92,bc3
bc3_93,bc3
bc3_94,bc3
bc3_95,bc3
bc3_96,bc3
bc3_97,bc3
bc3_98,bc3
bc3_99,bc3
bc3_100,bc3
bc3_101,bc3
bc3_102,bc3
bc3_103,bc3
bc3_104,bc3
bc3_105,bc3
bc3_106,bc3
bc3_107,bc3
bc3_108,bc3
bc3_109,bc3
bc3_110,bc3
bc3_111,bc3
bc3_112,bc3
bc3_113,bc3
bc3_114,bc3
bc3_115,bc3
bc3_116,bc3
bc3_117,bc3
bc3_118,bc3
bc3_119,bc3
bc3_120,bc3
bc3_121,bc3
bc3_122,bc3
bc3_123,bc3
bc3_124,bc3
bc3_125,bc3
bc3_126,bc3
bc3_127,bc3
bc3_128,bc3
bc3_129,bc3
bc3_130,bc3
bc3_131,bc3
bc3_132,bc3
bc3_133,bc3
bc3_134,bc3
bc3_135,bc3
bc3_136,bc3
bc3_137,bc3
bc3_138,bc3
bc3_139,bc3
bc3_140,bc3
bc3_141,bc3
bc3_142,bc3
bc3_143,bc3
bc3_144,bc3
bc3_145,bc3
bc3_146,bc3
bc3_147,bc3
bc3_148,bc3
bc3_149,bc3
bc3_150,bc3
bc3_151,bc3
bc3_152,bc3
bc3_153,bc3
bc3_154,bc3
bc3_155,bc3
bc3_156,bc3
bc3_157,bc3
bc3_158,bc3
bc3_159,bc3
bc3_160,bc3
bc3_161,bc3
bc3_162,bc3
bc3_163,bc3
bc3_164,bc3
bc3_165,bc3
bc3_166,bc3
bc3_167,bc3
bc3_168,bc3
bc3_169,bc3
bc3_170,bc3
bc3_171,bc3
bc3_172,bc3
bc3_173,bc3
bc3_174,bc3
bc3_175,bc3
bc3_176,bc3
bc3_177,bc3
bc3_178,bc3
bc3_179,bc3
bc3_180,bc3
bc3_181,bc3
bc3_182,bc3
bc3_183,bc3
bc3_184,bc3
bc3_185,bc3
bc3_186,bc3
bc3_187,bc3
bc3_188,bc3
bc3_189,bc3
bc3_190,bc3
bc3_191,bc3
bc3_192,bc3
bc3_193,bc3
bc3_194,bc3
bc3_195,bc3
bc3_196,bc3
bc3_197,bc3
bc3_198,bc3
bc3_199,bc3
bc3_200,bc3
bc3_201,bc3
bc3_202,bc3
bc3_203,bc3
bc3_204,bc3
bc3_205,bc3
bc3_206,bc3
bc3_207,bc3
bc3_208,bc3
bc3_209,bc3
bc3_210,bc3
bc3_211,bc3
bc3_212,bc3
bc3_213,bc3
bc3_214,bc3
bc3_215,bc3
bc3_216,bc3
bc3_217,bc3
bc3_218,bc3
bc3_219,bc3
bc3_220,bc3
bc3_221,bc3
bc3_222,bc3
bc3_223,bc3
bc3_224,bc3
bc3_225,bc3
bc3_226,bc3
bc3_227,bc3
bc3_228,bc3
bc3_229,bc3
bc3_230,bc3
bc3_231,bc3
bc3_232,bc3
bc3_233,bc3
bc3_234,bc3
bc3_235,bc3
bc3_236,bc3
bc3_237,bc3
bc3_238,bc3
bc3_239,bc3
bc3_240,bc3
bc3_241,bc3
bc3_242,bc3
bc3_243,bc3
bc3_244,bc3
bc3_245,bc3
bc3_246,bc3
bc3_247,bc3
bc3_248,bc3
bc3_249,bc3
bc3_250,bc3
bc3_251,bc3
bc3_252,bc3
bc3_253,bc3
bc3_254,bc3
bc3_255,bc3
bc3_256,bc3
bc3_257,bc3
bc3_258,bc3
bc3_259,bc3
bc3_260,bc3
bc3_261,bc3
bc3_262,bc3
bc3_263,bc3
bc3_264,bc3
bc3_265,bc3
bc3_266,bc3
bc3_267,bc3
bc3_268,bc3
bc3_269,bc3
bc3_270,bc3
bc3_271,bc3
bc3_272,bc3
bc3_273,bc3
bc3_274,bc3
bc3_275,bc3
bc3_276,bc3
bc3_277,bc3
bc3_278,bc3
bc3_279,bc3
bc3_280,bc3
bc3_281,bc3
bc3_282,bc3
bc3_283,bc3
bc3_284,bc3
bc3_285,bc3
bc3_286,bc3
bc3_287,bc3
bc3_288,bc3
bc3_289,bc3
bc3_290,bc3
bc3_291,bc3
bc3_292,bc3
bc3_293,bc3
bc3_294,bc3
bc3_295,bc3
bc3_296,bc3
bc3_297,bc3
bc3_298,bc3
bc3_299,bc3
bc3_300,bc3
bc3_301,bc3
bc3_302,bc3
bc3_303,bc3
bc3_304,bc3
bc3_305,bc3
bc3_306,bc3
bc3_307,bc3
bc3_308,bc3
bc3_309,bc3
bc3_310,bc3
bc3_311,bc3
bc3_312,bc3
bc3_313,bc3
bc3_314,bc3
bc3_315,bc3
bc3_316,bc3
bc3_317,bc3
bc3_318,bc3
bc3_319,bc3
bc3_320,bc3
bc3_321,bc3
bc3_322,bc3
bc3_323,bc3
bc3_324,bc3
bc3_325,bc3
bc3_326,bc3
bc3_327,bc3
bc3_328,bc3
bc3_329,bc3
bc3_330,bc3
bc3_331,bc3
bc3_332,bc3
bc3_333,bc3
bc3_334,bc3
bc3_335,bc3
bc3_336,bc3
bc3_337,bc3
bc3_338,bc3
bc3_339,bc3
bc3_340,bc3
bc3_341,bc3
bc3_342,bc3
bc3_343,bc3
bc3_344,bc3
bc3_345,bc3
bc3_346,bc3
bc3_347,bc3
bc3_348,bc3
bc3_349,bc3
bc3_350,bc3
bc3_351,bc3
bc3_352,bc3
bc3_353,bc3
bc3_354,bc3
bc3_355,bc3
bc3_356,bc3
bc3_357,bc3
bc3_358,bc3
bc3_359,bc3
bc3_360,bc3
bc3_361,bc3
bc3_362,bc3
bc3_363,bc3
bc3_364,bc3
bc3_365,bc3
bc3_366,bc3
bc3_367,bc3
bc3_368,bc3
bc3_369,bc3
bc3_370,bc3
bc3_371,bc3
bc3_372,bc3
bc3_373,bc3
bc3_374,bc3
bc3_375,bc3
bc3_376,bc3
bc3_377,bc3
bc3_378,bc3
bc3_379,bc3
bc3_380,bc3
bc3_381,bc3
bc3_382,bc3
bc3_383,bc3
bc3_384,bc3
bc3_385,bc3
bc3_386,bc3
bc3_387,bc3
bc3_388,bc3
bc3_389,bc3
bc3_390,bc3
bc3_391,bc3
bc3_392,bc3
bc3_393,bc3
bc3_394,bc3
bc3_395,bc3
bc3_396,bc3
bc3_397,bc3
bc3_398,bc3
bc3_399,bc3
bc3_400,bc3
bc3_401,bc3
bc3_402,bc3
bc3_403,bc3
bc3_404,bc3
bc3_405,bc3
bc3_406,bc3
bc3_407,bc3
bc3_408,bc3
bc3_409,bc3
bc3_410,bc3
bc3_411,bc3
bc3_412,bc3
bc3_413,bc3
bc3_414,bc3
bc3_415,bc3
bc3_416,bc3
bc3_417,bc3
bc3_418,bc3
bc3_419,bc3
bc3_420,bc3
bc3_421,bc3
bc3_422,bc3
bc3_423,bc3
bc3_424,bc3
bc3_425,bc3
bc3_426,bc3
bc3_427,bc3
bc3_428,bc3
bc3_429,bc3
bc3_430,bc3
bc3_431,bc3
bc3_432,bc3
bc3_433,bc3
bc3_434,bc3
bc3_435,bc3
bc3_436,bc3
bc3_437,bc3
bc3_438,bc3
bc3_439,bc3
bc3_440,bc3
bc3_441,bc3
bc3_442,bc3
bc4_1,bc4
bc4_2,bc4
bc4_3,bc4
bc4_4,bc4
bc4_5,bc4
bc4_6,bc4
bc4_7,bc4
bc4_8,bc4
bc4_9,bc4
bc4_10,bc4
bc4_11,bc4
bc4_12,bc4
bc4_13,bc4
bc4_14,bc4
bc4_15,bc4
bc4_16,bc4
bc4_17,bc4
bc4_18,bc4
bc4_19,bc4
bc4_20,bc4
bc4_21,bc4
bc4_22,bc4
bc4_23,bc4
bc4_24,bc4
bc4_25,bc4
bc4_26,bc4
bc4_27,bc4
bc4_28,bc4
bc4_29,bc4
bc4_30,bc4
bc4_31,bc4
bc4_32,bc4
bc4_33,bc4
bc4_34,bc4
bc4_35,bc4
bc4_36,bc4
bc4_37,bc4
bc4_38,bc4
bc4_39,bc4
bc4_40,bc4
bc4_41,bc4
bc4_42,bc4
bc4_43,bc4
bc4_44,bc4
bc4_45,bc4
bc4_46,bc4
bc4_47,bc4
bc4_48,bc4
bc4_49,bc4
bc4_50,bc4
bc4_51,bc4
bc4_52,bc4
bc4_53,bc4
bc4_54,bc4
bc4_55,bc4
bc4_56,bc4
bc4_57,bc4
bc4_58,bc4
bc4_59,bc4
bc4_60,bc4
bc4_61,bc4
bc4_62,bc4
bc4_63,bc4
bc4_64,bc4
bc4_65,bc4
bc4_66,bc4
bc4_67,bc4
bc4_68,bc4
bc4_69,bc4
bc4_70,bc4
bc4_71,bc4
bc4_72,bc4
bc4_73,bc4
bc4_74,bc4
bc4_75,bc4
bc4_76,bc4
bc4_77,bc4
bc4_78,bc4
bc4_79,bc4
bc4_80,bc4
bc4_81,bc4
bc4_82,bc4
bc4_83,bc4
bc4_84,bc4
bc4_85,bc4
bc4_86,bc4
bc4_87,bc4
bc4_88,bc4
bc4_89,bc4
bc4_90,bc4
bc4_91,bc4
bc4_92,bc4
bc4_93,bc4
bc4_94,bc4
bc4_95,bc4
bc4_96,bc4
bc4_97,bc4
bc4_98,bc4
bc4_99,bc4
bc4_100,bc4
bc4_101,bc4
bc4_102,bc4
bc4_103,bc4
bc4_104,bc4
bc4_105,bc4
bc4_106,bc4
bc4_107,bc4
bc4_108,bc4
bc4_109,bc4
bc4_110,bc4
bc4_111,bc4
bc4_112,bc4
bc4_113,bc4
bc4_114,bc4
bc4_115,bc4
bc4_116,bc4
bc4_117,bc4
bc4_118,bc4
bc4_119,bc4
bc4_120,bc4
bc4_121,bc4
bc4_122,bc4
bc4_123,bc4
bc4_124,bc4
bc4_125,bc4
bc4_126,bc4
bc4_127,bc4
bc4_128,bc4
bc4_129,bc4
bc4_130,bc4
bc4_131,bc4
bc4_132,bc4
bc4_133,bc4
bc4_134,bc4
bc4_135,bc4
bc4_136,bc4
bc4_137,bc4
bc4_138,bc4
bc4_139,bc4
bc4_140,bc4
bc4_141,bc4
bc4_142,bc4
bc4_143,bc4
bc4_144,bc4
bc4_145,bc4
bc4_146,bc4
bc4_147,bc4
bc4_148,bc4
bc4_149,bc4
bc4_150,bc4
bc4_151,bc4
bc4_152,bc4
bc4_153,bc4
bc4_154,bc4
bc4_155,bc4
bc4_156,bc4
bc4_157,bc4
bc4_158,bc4
bc4_159,bc4
bc4_160,bc4
bc4_161,bc4
bc4_162,bc4
bc4_163,bc4
bc4_164,bc4
bc4_165,bc4
bc4_166,bc4
bc4_167,bc4
bc4_168,bc4
bc4_169,bc4
bc4_170,bc4
bc4_171,bc4
bc4_172,bc4
bc4_173,bc4
bc4_174,bc4
bc4_175,bc4
bc4_176,bc4
bc4_177,bc4
bc4_178,bc4
bc4_179,bc4
bc4_180,bc4
bc4_181,bc4
bc4_182,bc4
bc4_183,bc4
bc4_184,bc4
bc4_185,bc4
bc4_186,bc4
bc4_187,bc4
bc4_188,bc4
bc4_189,bc4
bc4_190,bc4
bc4_191,bc4
bc4_192,bc4
bc4_193,bc4
bc4_194,bc4
bc4_195,bc4
bc4_196,bc4
bc4_197,bc4
bc4_198,bc4
bc4_199,bc4
bc4_200,bc4
bc4_201,bc4
bc4_202,bc4
bc4_203,bc4
bc4_204,bc4
bc4_205,bc4
bc4_206,bc4
bc4_207,bc4
bc4_208,bc4
bc4_209,bc4
bc4_210,bc4
bc4_211,bc4
bc4_212,bc4
bc4_213,bc4
bc4_214,bc4
bc4_215,bc4
bc4_216,bc4
bc4_217,bc4
bc4_218,bc4
bc4_219,bc4
bc4_220,bc4
bc4_221,bc4
bc4_222,bc4
bc4_223,bc4
bc4_224,bc4
bc4_225,bc4
bc4_226,bc4
bc4_227,bc4
bc4_228,bc4
bc4_229,bc4
bc4_230,bc4
bc4_231,bc4
bc4_232,bc4
bc4_233,bc4
bc4_234,bc4
bc4_235,bc4
bc4_236,bc4
bc4_237,bc4
bc4_238,bc4
bc4_239,bc4
bc4_240,bc4
bc4_241,bc4
bc4_242,bc4
bc4_243,bc4
bc4_244,bc4
bc4_245,bc4
bc4_246,bc4
bc4_247,bc4
bc4_248,bc4
bc4_249,bc4
bc4_250,bc4
bc4_251,bc4
bc4_252,bc4
bc4_253,bc4
bc4_254,bc4
bc4_255,bc4
bc4_256,bc4
bc4_257,bc4
bc4_258,bc4
bc4_259,bc4
bc4_260,bc4
bc4_261,bc4
bc4_262,bc4
bc4_263,bc4
bc4_264,bc4
bc4_265,bc4
bc4_266,bc4
bc4_267,bc4
bc4_268,bc4
bc4_269,bc4
bc4_270,bc4
bc4_271,bc4
bc4_272,bc4
bc4_273,bc4
bc4_274,bc4
bc4_275,bc4
bc4_276,bc4
bc4_277,bc4
bc4_278,bc4
bc4_279,bc4
bc4_280,bc4
bc4_281,bc4
bc4_282,bc4
bc4_283,bc4
bc4_284,bc4
bc4_285,bc4
bc4_286,bc4
bc4_287,bc4
bc4_288,bc4
bc4_289,bc4
bc4_290,bc4
bc4_291,bc4
bc4_292,bc4
bc4_293,bc4
bc4_294,bc4
bc4_295,bc4
bc4_296,bc4
bc4_297,bc4
bc4_298,bc4
bc4_299,bc4
bc4_300,bc4
bc4_301,bc4
bc4_302,bc4
bc4_303,bc4
bc4_304,bc4
bc4_305,bc4
bc4_306,bc4
bc4_307,bc4
bc4_308,bc4
bc4_309,bc4
bc4_310,bc4
bc4_311,bc4
bc4_312,bc4
bc4_313,bc4
bc4_314,bc4
bc4_315,bc4
bc4_316,bc4
bc4_317,bc4
bc4_318,bc4
bc4_319,bc4
bc4_320,bc4
bc4_321,bc4
bc4_322,bc4
bc4_323,bc4
bc4_324,bc4
bc4_325,bc4
bc4_326,bc4
bc4_327,bc4
bc4_328,bc4
bc4_329,bc4
bc4_330,bc4
bc4_331,bc4
bc4_332,bc4
bc4_333,bc4
bc4_334,bc4
bc4_335,bc4
bc4_336,bc4
bc4_337,bc4
bc4_338,bc4
bc4_339,bc4
bc4_340,bc4
bc4_341,bc4
bc4_342,bc4
bc4_343,bc4
bc4_344,bc4
bc4_345,bc4
bc4_346,bc4
bc4_347,bc4
bc4_348,bc4
bc4_349,bc4
bc4_350,bc4
bc4_351,bc4
bc4_352,bc4
bc4_353,bc4
bc4_354,bc4
bc4_355,bc4
bc4_356,bc4
bc4_357,bc4
bc4_358,bc4
bc4_359,bc4
bc4_360,bc4
bc4_361,bc4
bc4_362,bc4
bc4_363,bc4
bc4_364,bc4
bc4_365,bc4
bc4_366,bc4
bc4_367,bc4
bc4_368,bc4
bc4_369,bc4
bc4_370,bc4
bc4_371,bc4
bc4_372,bc4
bc4_373,bc4
bc4_374,bc4
bc4_375,bc4
bc4_376,bc4
bc4_377,bc4
bc4_378,bc4
bc4_379,bc4
bc4_380,bc4
bc4_381,bc4
bc4_382,bc4
bc4_383,bc4
bc4_384,bc4
bc5_1,bc5
bc5_2,bc5
bc5_3,bc5
bc5_4,bc5
bc5_5,bc5
bc5_6,bc5
bc5_7,bc5
bc5_8,bc5
bc5_9,bc5
bc5_10,bc5
bc5_11,bc5
bc5_12,bc5
bc5_13,bc5
bc5_14,bc5
bc5_15,bc5
bc5_16,bc5
bc5_17,bc5
bc5_18,bc5
bc5_19,bc5
bc5_20,bc5
bc5_21,bc5
bc5_22,bc5
bc5_23,bc5
bc5_24,bc5
bc5_25,bc5
bc5_26,bc5
bc5_27,bc5
bc5_28,bc5
bc5_29,bc5
bc5_30,bc5
bc5_31,bc5
bc5_32,bc5
bc5_33,bc5
bc5_34,bc5
bc5_35,bc5
bc5_36,bc5
bc5_37,bc5
bc5_38,bc5
bc5_39,bc5
bc5_40,bc5
bc5_41,bc5
bc5_42,bc5
bc5_43,bc5
bc5_44,bc5
bc5_45,bc5
bc5_46,bc5
bc5_47,bc5
bc5_48,bc5
bc5_49,bc5
bc5_50,bc5
bc5_51,bc5
bc5_52,bc5
bc5_53,bc5
bc5_54,bc5
bc5_55,bc5
bc5_56,bc5
bc5_57,bc5
bc5_58,bc5
bc5_59,bc5
bc5_60,bc5
bc5_61,bc5
bc5_62,bc5
bc5_63,bc5
bc5_64,bc5
bc5_65,bc5
bc5_66,bc5
bc5_67,bc5
bc5_68,bc5
bc5_69,bc5
bc5_70,bc5
bc5_71,bc5
bc5_72,bc5
bc5_73,bc5
bc5_74,bc5
bc5_75,bc5
bc5_76,bc5
bc5_77,bc5
bc5_78,bc5
bc5_79,bc5
bc5_80,bc5
bc5_81,bc5
bc5_82,bc5
bc5_83,bc5
bc5_84,bc5
bc5_85,bc5
bc5_86,bc5
bc5_87,bc5
bc5_88,bc5
bc5_89,bc5
bc5_90,bc5
bc5_91,bc5
bc5_92,bc5
bc5_93,bc5
bc5_94,bc5
bc5_95,bc5
bc5_96,bc5
bc5_97,bc5
bc5_98,bc5
bc5_99,bc5
bc5_100,bc5
bc5_101,bc5
bc5_102,bc5
bc5_103,bc5
bc5_104,bc5
bc5_105,bc5
bc5_106,bc5
bc5_107,bc5
bc5_108,bc5
bc5_109,bc5
bc5_110,bc5
bc5_111,bc5
bc5_112,bc5
bc5_113,bc5
bc5_114,bc5
bc5_115,bc5
bc5_116,bc5
bc5_117,bc5
bc5_118,bc5
bc5_119,bc5
bc5_120,bc5
bc5_121,bc5
bc5_122,bc5
bc5_123,bc5
bc5_124,bc5
bc5_125,bc5
bc5_126,bc5
bc5_127,bc5
bc5_128,bc5
bc5_129,bc5
bc5_130,bc5
bc5_131,bc5
bc5_132,bc5
bc5_133,bc5
bc5_134,bc5
bc5_135,bc5
bc5_136,bc5
bc5_137,bc5
bc5_138,bc5
bc5_139,bc5
bc5_140,bc5
bc5_141,bc5
bc5_142,bc5
bc5_143,bc5
bc5_144,bc5
bc5_145,bc5
bc5_146,bc5
bc5_147,bc5
bc5_148,bc5
bc5_149,bc5
bc5_150,bc5
bc5_151,bc5
bc5_152,bc5
bc5_153,bc5
bc5_154,bc5
bc5_155,bc5
bc5_156,bc5
bc5_157,bc5
bc5_158,bc5
bc5_159,bc5
bc5_160,bc5
bc5_161,bc5
bc5_162,bc5
bc5_163,bc5
bc5_164,bc5
bc5_165,bc5
bc5_166,bc5
bc5_167,bc5
bc5_168,bc5
bc5_169,bc5
bc5_170,bc5
bc5_171,bc5
bc5_172,bc5
bc5_173,bc5
bc5_174,bc5
bc5_175,bc5
bc5_176,bc5
bc5_177,bc5
bc5_178,bc5
bc5_179,bc5
bc5_180,bc5
bc5_181,bc5
bc5_182,bc5
bc5_183,bc5
bc5_184,bc5
bc5_185,bc5
bc5_186,bc5
bc5_187,bc5
bc5_188,bc5
bc5_189,bc5
bc5_190,bc5
bc5_191,bc5
bc5_192,bc5
bc5_193,bc5
bc5_194,bc5
bc5_195,bc5
bc5_196,bc5
bc5_197,bc5
bc5_198,bc5
bc5_199,bc5
bc5_200,bc5
bc5_201,bc5
bc5_202,bc5
bc5_203,bc5
bc5_204,bc5
bc5_205,bc5
bc5_206,bc5
bc5_207,bc5
bc5_208,bc5
bc5_209,bc5
bc5_210,bc5
bc5_211,bc5
bc5_212,bc5
bc5_213,bc5
bc5_214,bc5
bc5_215,bc5
bc5_216,bc5
bc5_217,bc5
bc5_218,bc5
bc5_219,bc5
bc5_220,bc5
bc5_221,bc5
bc5_222,bc5
bc5_223,bc5
bc5_224,bc5
bc5_225,bc5
bc5_226,bc5
bc5_227,bc5
bc5_228,bc5
bc5_229,bc5
bc5_230,bc5
bc5_231,bc5
bc5_232,bc5
bc5_233,bc5
bc5_234,bc5
bc5_235,bc5
bc5_236,bc5
bc5_237,bc5
bc5_238,bc5
bc5_239,bc5
bc5_240,bc5
bc5_241,bc5
bc5_242,bc5
bc5_243,bc5
bc5_244,bc5
bc5_245,bc5
bc5_246,bc5
bc5_247,bc5
bc5_248,bc5
bc5_249,bc5
bc5_250,bc5
bc5_251,bc5
bc5_252,bc5
bc5_253,bc5
bc5_254,bc5
bc5_255,bc5
bc5_256,bc5
bc5_257,bc5
bc5_258,bc5
bc5_259,bc5
bc5_260,bc5
bc5_261,bc5
bc5_262,bc5
bc5_263,bc5
bc5_264,bc5
bc5_265,bc5
bc5_266,bc5
bc5_267,bc5
bc5_268,bc5
bc5_269,bc5
bc5_270,bc5
bc5_271,bc5
bc5_272,bc5
bc5_273,bc5
bc5_274,bc5
bc5_275,bc5
bc5_276,bc5
bc5_277,bc5
bc5_278,bc5
bc5_279,bc5
bc5_280,bc5
bc5_281,bc5
bc5_282,bc5
bc5_283,bc5
bc5_284,bc5
bc5_285,bc5
bc5_286,bc5
bc5_287,bc5
bc5_288,bc5
bc5_289,bc5
bc5_290,bc5
bc5_291,bc5
bc5_292,bc5
bc5_293,bc5
bc5_294,bc5
bc5_295,bc5
bc5_296,bc5
bc5_297,bc5
bc5_298,bc5
bc5_299,bc5
bc5_300,bc5
bc5_301,bc5
bc5_302,bc5
bc5_303,bc5
bc5_304,bc5
bc5_305,bc5
bc5_306,bc5
bc5_307,bc5
bc5_308,bc5
bc5_309,bc5
bc5_310,bc5
bc5_311,bc5
bc5_312,bc5
bc5_313,bc5
bc5_314,bc5
bc5_315,bc5
bc5_316,bc5
bc5_317,bc5
bc5_318,bc5
bc5_319,bc5
bc5_320,bc5
bc5_321,bc5
bc5_322,bc5
bc5_323,bc5
bc5_324,bc5
bc5_325,bc5
bc5_326,bc5
bc5_327,bc5
bc5_328,bc5
bc5_329,bc5
bc5_330,bc5
bc5_331,bc5
bc5_332,bc5
bc5_333,bc5
bc5_334,bc5
bc5_335,bc5
bc5_336,bc5
bc5_337,bc5
bc5_338,bc5
bc5_339,bc5
bc5_340,bc5
bc5_341,bc5
bc5_342,bc5
bc5_343,bc5
bc5_344,bc5
bc5_345,bc5
bc5_346,bc5
bc5_347,bc5
bc5_348,bc5
bc5_349,bc5
bc5_350,bc5
bc5_351,bc5
bc5_352,bc5
bc5_353,bc5
bc5_354,bc5
bc5_355,bc5
bc5_356,bc5
bc5_357,bc5
bc5_358,bc5
bc5_359,bc5
bc5_360,bc5
bc5_361,bc5
bc5_362,bc5
bc5_363,bc5
bc5_364,bc5
bc5_365,bc5
bc5_366,bc5
bc5_367,bc5
bc5_368,bc5
bc5_369,bc5
bc5_370,bc5
bc5_371,bc5
bc5_372,bc5
bc5_373,bc5
bc5_374,bc5
bc5_375,bc5
bc5_376,bc5
bc5_377,bc5
bc5_378,bc5
bc5_379,bc5
bc5_380,bc5
bc5_381,bc5
bc5_382,bc5
doublet_1|bc5_263_bc5_129,bc5
doublet_2|bc5_320_bc4_336,Multiplet
doublet_3|bc3_270_bc3_100,bc3
doublet_4|bc2_50_bc5_183,bc5
doublet_5|bc3_322_bc3_295,bc3
doublet_6|bc1_161_bc4_220,Multiplet
doublet_7|bc2_190_bc4_155,bc4
doublet_8|bc1_219_bc2_63,Multiplet
doublet_9|bc5_234_bc1_344,Multiplet
doublet_10|bc5_255_bc5_53,bc5
doublet_11|bc5_277_bc2_180,bc5
doublet_12|bc2_256_bc4_37,bc4
doublet_13|bc1_55_bc1_317,bc1
doublet_14|bc5_120_bc4_298,Multiplet
doublet_15|bc1_180_bc4_355,Multiplet
doublet_16|bc3_432_bc4_34,Multiplet
doublet_17|bc3_184_bc5_326,Multiplet
doublet_18|bc5_113_bc5_95,bc5
doublet_19|bc3_228_bc2_27,Multiplet
doublet_20|bc4_306_bc1_17,Multiplet
doublet_21|bc4_270_bc2_248,Multiplet
doublet_22|bc1_311_bc4_74,Multiplet
doublet_23|bc1_41_bc3_355,bc1
doublet_24|bc3_149_bc3_76,bc3
doublet_25|bc1_59_bc2_136,Multiplet
doublet_26|bc5_253_bc5_320,bc5
doublet_27|bc4_208_bc4_337,bc4
doublet_28|bc3_182_bc5_118,bc5
doublet_29|bc1_127_bc3_135,Multiplet
doublet_30|bc4_91_bc4_72,bc4
doublet_31|bc3_418_bc5_142,Multiplet
doublet_32|bc2_164_bc2_132,bc2
doublet_33|bc5_273_bc5_288,bc5
doublet_34|bc3_256_bc1_64,bc3
doublet_35|bc5_26_bc1_363,Multiplet
doublet_36|bc3_332_bc5_8,Multiplet
doublet_37|bc2_258_bc5_194,Multiplet
doublet_38|bc4_202_bc4_51,bc4
doublet_39|bc5_220_bc4_339,Multiplet
doublet_40|bc4_337_bc4_288,bc4
