well_id	well_index	primer_type	barcode_seq
A1	1	-	AACGTGAT
A2	2	-	AAACATCG
A3	3	-	ATGCCTAA
A4	4	-	AGTGGTCA
A5	5	-	ACCACTGT
A6	6	-	ACATTGGC
A7	7	-	CAGATCTG
A8	8	-	CATCAAGT
A9	9	-	CGCTGATC
A10	10	-	ACAAGCTA
A11	11	-	CTGTAGCC
A12	12	-	AGTACAAG
B1	13	-	AACAACCA
B2	14	-	AACCGAGA
B3	15	-	AACGCTTA
B4	16	-	AAGACGGA
B5	17	-	AAGGTACA
B6	18	-	ACACAGAA
B7	19	-	ACAGCAGA
B8	20	-	ACCTCCAA
B9	21	-	ACGCTCGA
B10	22	-	ACGTATCA
B11	23	-	ACTATGCA
B12	24	-	AGAGTCAA
C1	25	-	AGATCGCA
C2	26	-	AGCAGGAA
C3	27	-	AGTCACTA
C4	28	-	ATCCTGTA
C5	29	-	ATTGAGGA
C6	30	-	CAACCACA
C7	31	-	GACTAGTA
C8	32	-	CAATGGAA
C9	33	-	CACTTCGA
C10	34	-	CAGCGTTA
C11	35	-	CATACCAA
C12	36	-	CCAGTTCA
D1	37	-	CCGAAGTA
D2	38	-	CCGTGAGA
D3	39	-	CCTCCTGA
D4	40	-	CGAACTTA
D5	41	-	CGACTGGA
D6	42	-	CGCATACA
D7	43	-	CTCAATGA
D8	44	-	CTGAGCCA
D9	45	-	CTGGCATA
D10	46	-	GAATCTGA
D11	47	-	CAAGACTA
D12	48	-	GAGCTGAA
E1	49	-	GATAGACA
E2	50	-	GCCACATA
E3	51	-	GCGAGTAA
E4	52	-	GCTAACGA
E5	53	-	GCTCGGTA
E6	54	-	GGAGAACA
E7	55	-	GGTGCGAA
E8	56	-	GTACGCAA
E9	57	-	GTCGTAGA
E10	58	-	GTCTGTCA
E11	59	-	GTGTTCTA
E12	60	-	TAGGATGA
F1	61	-	TATCAGCA
F2	62	-	TCCGTCTA
F3	63	-	TCTTCACA
F4	64	-	TGAAGAGA
F5	65	-	TGGAACAA
F6	66	-	TGGCTTCA
F7	67	-	TGGTGGTA
F8	68	-	TTCACGCA
F9	69	-	AACTCACC
F10	70	-	AAGAGATC
F11	71	-	AAGGACAC
F12	72	-	AATCCGTC
G1	73	-	AATGTTGC
G2	74	-	ACACGACC
G3	75	-	ACAGATTC
G4	76	-	AGATGTAC
G5	77	-	AGCACCTC
G6	78	-	AGCCATGC
G7	79	-	AGGCTAAC
G8	80	-	ATAGCGAC
G9	81	-	ATCATTCC
G10	82	-	ATTGGCTC
G11	83	-	CAAGGAGC
G12	84	-	CACCTTAC
H1	85	-	CCATCCTC
H2	86	-	CCGACAAC
H3	87	-	CCTAATCC
H4	88	-	CCTCTATC
H5	89	-	CGACACAC
H6	90	-	CGGATTGC
H7	91	-	CTAAGGTC
H8	92	-	GAACAGGC
H9	93	-	GACAGTGC
H10	94	-	GAGTTAGC
H11	95	-	GATGAATC
H12	96	-	GCCAAGAC
