variant_vcf	rsid	filter_status	bravo_af	af_total	tg_all	genecode_comprehensive_info	genecode_comprehensive_category	genecode_comprehensive_exonic_category	clnsig_v2	clnsigincl_v2	clndn_v2	clndnincl_v2	clnrevstat_v2	origin_v2	clndisdb_v2	clndisdbincl_v2	geneinfo_v2	sift_cat	cage_promoter	cage_enhancer	genehancer	linsight	fathmm_xf	cadd_phred	apc_epigenetics_active	apc_epigenetics_repressed	apc_epigenetics_transcription	apc_conservation_v2	apc_protein_function_v3	apc_local_nucleotide_diversity_v3	apc_mutation_density	tg_eur	tg_afr	tg_amr	tg_eas	tg_sas
2-21001846-G-A	rs763341676	PASS	0.000003778	0.0000209418		APOB	exonic	stopgain	Uncertain_significance		Cardiovascular_phenotype		criteria_provided,_single_submitter	1	MedGen:CN230736		APOB:338					0.214925532744385	17.3098057302198	41	4.68862332228175	2.99464278832144	6.31632283847062	17.519451629324	20.4791954251934	4.97998543191625	4.80763048074233					
2-21002560-G-A	rs1663015357	PASS	0.000003778			APOB	exonic	stopgain											chr2:21002558..21002567,-			0.214925532744385	8.18362673761398	37	5.94526624277534	2.94498375620797	6.27567719338129	11.596632164046	20.4791954251934	3.86375408967461	3.6061167097709					
2-21002683-G-A	rs907126709	SVM	0.00001889	0.0000139673		APOB	exonic	stopgain	Uncertain_significance		Cardiovascular_phenotype|APOB-related_disorder|Hypercholesterolemia,_autosomal_dominant,_type_B|Familial_hypobetalipoproteinemia_1|not_provided		criteria_provided,_multiple_submitters,_no_conflicts	1	MedGen:CN230736|.|MONDO:MONDO:0007751,MedGen:C1704417,OMIM:144010|MONDO:MONDO:0014252,MedGen:C4551990,OMIM:615558|MedGen:C3661900		APOB:338					0.214925532744385	13.9541629219764	53	3.98274211031038	3.37761829178001	6.64693998583217	20.9010188014559	20.4791954251934	1.85386423955601	1.35977672516539					
2-21002726-A-T	rs1466172660	PASS	0.000015112	0.0000139554		APOB	exonic	stopgain	Conflicting_classifications_of_pathogenicity		Hypercholesterolemia,_familial,_1|Hypercholesterolemia,_autosomal_dominant,_type_B|Familial_hypobetalipoproteinemia_1		criteria_provided,_conflicting_classifications	1	MONDO:MONDO:0007750,MedGen:C0745103,OMIM:143890,Orphanet:391665|MONDO:MONDO:0007751,MedGen:C1704417,OMIM:144010|MONDO:MONDO:0014252,MedGen:C4551990,OMIM:615558		APOB:338					0.214925532744385	14.2188996404148	36	7.89785494526123	3.42396356977494	8.26940986648783	6.85077890439796	20.4791954251934	2.28435585111402	1.81381959196663					
2-21002815-G-A	rs1663026140	PASS	0.000003778			APOB	exonic	stopgain														0.214925532744385	10.9783666912878	45	8.88299588688388	4.74122315772049	6.40499073714362	19.6058762190811	20.4791954251934	3.89328200955207	3.58508719812249					
2-21002893-G-A	rs375275230	SVM	0.00000755601	0.000020955		APOB	exonic	stopgain	Conflicting_classifications_of_pathogenicity		Familial_hypobetalipoproteinemia_1|Hypercholesterolemia,_autosomal_dominant,_type_B|not_provided|Cardiovascular_phenotype		criteria_provided,_conflicting_classifications	1	MONDO:MONDO:0014252,MedGen:C4551990,OMIM:615558|MONDO:MONDO:0007751,MedGen:C1704417,OMIM:144010|MedGen:C3661900|MedGen:CN230736		APOB:338					0.214925532744385	13.8243068773915	37	8.16238117836376	7.18113883180258	7.35858558592327	6.92365076123662	20.4791954251934	3.04421886326814	2.71198254312588					
2-21002965-G-A	rs1228367728	PASS	0.00000755601			APOB	exonic	stopgain											chr2:21002958..21002966,-			0.214925532744385	16.4683137157202	43	8.72991505392098	6.14703472245633	9.50593501589602	16.7380845753354	20.4791954251934	3.85737515840857	3.54163359321758					
2-21003158-G-C	rs140325875	PASS	0.000003778			APOB	exonic	stopgain														0.214925532744385	16.5121308098324	46	6.52253736659664	11.2328658361126	9.90349939061987	18.0615000826955	20.4791954251934	3.87722233472804	3.44660387000806					
2-21003163-T-A	rs764263862	PASS	0.000003778			APOB	exonic	stopgain														0.214925532744385	14.8268729057655	45	6.565465765117	11.1826978707942	10.1875275070404	18.1771200905083	20.4791954251934	4.1173104775264	3.73218001694146					
2-21003271-C-A	rs1423681004	PASS	0.000003778			APOB	exonic	stopgain														0.214925532744385	13.025096320789	37	3.34032561201778	3.55307863612518	6.91061875127308	8.41706441769197	20.4791954251934	4.18242441814222	3.85094610027295					
2-21003283-C-A	rs1463865597	PASS	0.000003778			APOB	exonic	stopgain														0.214925532744385	13.3334233249498	37	3.42587786496048	3.51222364047924	6.9047210772504	9.18337513074642	20.4791954251934	4.58303688062349	4.34476238549593					
2-21005227-G-A	rs368893377	PASS	0.000003778			APOB	exonic	stopgain														0.214925532744385	10.6191106871562	38	9.72619925127661	9.02108419342987	7.60594174798239	16.4716971702829	20.4791954251934	3.93880045795857	3.31445267279245					
2-21005468-A-C	rs376032650	PASS	0.000003778	0.00000698041		APOB	exonic	stopgain	Pathogenic		Familial_hypobetalipoproteinemia_1|Hypercholesterolemia,_autosomal_dominant,_type_B		criteria_provided,_single_submitter	1	MONDO:MONDO:0014252,MedGen:C4551990,OMIM:615558|MONDO:MONDO:0007751,MedGen:C1704417,OMIM:144010		APOB:338					0.214925532744385	16.1328468282163	42	5.65329116886355	8.32428686915462	7.51673629539891	13.9230177213239	20.4791954251934	5.85792263876798	5.62187452037476					
2-21005585-G-T	rs757204163	PASS	0.000015112	0.0000488629		APOB	exonic	stopgain														0.214925532744385	16.0557546146009	43	2.54860527142612	5.80461709444624	5.04143929444656	19.2725236536424	20.4791954251934	5.30369295407312	4.94760428170716					
2-21005715-G-C	rs1326215299	PASS	0.000003778	0.00000698032		APOB	exonic	stopgain											chr2:21005714..21005723,-			0.214925532744385	14.1021505511475	37	4.70735050109954	11.1546884256361	4.31465265490881	11.1102399104068	20.4791954251934	6.38398802887832	6.35678612870392					
2-21005828-A-C	rs1663118269	PASS	0.000003778			APOB	exonic	stopgain	Pathogenic/Likely_pathogenic		Hypercholesterolemia,_autosomal_dominant,_type_B|Cardiovascular_phenotype|Familial_hypobetalipoproteinemia_1		criteria_provided,_multiple_submitters,_no_conflicts	1	MONDO:MONDO:0007751,MedGen:C1704417,OMIM:144010|MedGen:CN230736|MONDO:MONDO:0014252,MedGen:C4551990,OMIM:615558		APOB:338					0.214925532744385	18.9425185589915	40	5.57725696896041	7.58998515162768	4.08111488722499	16.2469614288097	20.4791954251934	6.01316192512881	5.93294762098691					
2-21007369-G-A	rs1663172884	PASS	0.000003778	0.00000698236		APOB	exonic	stopgain														0.214925532744385	16.2328633030646	53	5.97766612091196	6.34725909576401	5.53966172527246	46.4383137267785	20.4791954251934	3.72002647808183	3.408378917907					
2-21007410-C-T	rs1279925440	PASS	0.00000755601	0.00000698519		APOB	exonic	stopgain											chr2:21007401..21007411,-			0.214925532744385	14.3235719853655	49	5.44351636059175	7.82644271130989	5.71205118371009	24.2181260962912	20.4791954251934	3.85268459839339	3.6308568650667					
2-21007899-G-C	rs1663191195	PASS	0.000003778	0.00000697983		APOB	exonic	stopgain														0.214925532744385	7.94398352027594	43	4.89101443533666	8.04162200472875	4.7181437402935	24.9226942348429	20.4791954251934	6.60619762823483	7.25645691027504					
2-21008081-C-T	rs1340673456	PASS	0.00000755601	0.00000698197		APOB	exonic	stopgain														0.214925532744385	11.5490556851338	44	4.4088792006819	11.4415609367031	9.54107027699805	22.1166734849055	20.4791954251934	6.11599923258073	6.54581414639512					
2-21008476-C-A	rs923192918	PASS	0.00000755601			APOB	exonic	stopgain	Pathogenic		Familial_hypobetalipoproteinemia_1|Hypercholesterolemia,_autosomal_dominant,_type_B|not_provided		criteria_provided,_multiple_submitters,_no_conflicts	1	MONDO:MONDO:0014252,MedGen:C4551990,OMIM:615558|MONDO:MONDO:0007751,MedGen:C1704417,OMIM:144010|MedGen:C3661900		APOB:338					0.214925532744385	16.2031105131907	38	4.96184221748476	5.70154682834213	3.57904413726975	17.399648868599	20.4791954251934	5.6502326325503	5.88214951547725					
2-21009268-G-A	rs145143533	PASS	0.000003778			APOB	exonic	stopgain	Conflicting_classifications_of_pathogenicity		Hypobetalipoproteinemia|not_provided|Hypercholesterolemia,_autosomal_dominant,_type_B		criteria_provided,_conflicting_classifications	1	MONDO:MONDO:0017774,MedGen:C0020597,Orphanet:31154|MedGen:C3661900|MONDO:MONDO:0007751,MedGen:C1704417,OMIM:144010		APOB:338		chr2:21009265..21009283,-			0.214925532744385	12.5657281143732	36	4.2714680996235	10.2635103686615	8.26710033730347	11.9163395749605	20.4791954251934	3.53723558482795	3.08181978935372					
2-21009304-G-A	rs121918390	PASS	0.000003778	0.00000698178		APOB	exonic	stopgain	Pathogenic		Familial_hypobetalipoproteinemia|Hypercholesterolemia,_autosomal_dominant,_type_B|Familial_hypobetalipoproteinemia_1		criteria_provided,_single_submitter	1	MedGen:C1862596,Orphanet:426|MONDO:MONDO:0007751,MedGen:C1704417,OMIM:144010|MONDO:MONDO:0014252,MedGen:C4551990,OMIM:615558		APOB:338		chr2:21009300..21009307,-			0.214925532744385	17.2970758877451	37	4.08006857547373	6.56544061857612	6.35373385521768	14.9749935997792	20.4791954251934	2.95624436907415	2.50206401106246					
2-21009331-G-A	rs146538280	PASS	0.000003778	0.00000698256		APOB	exonic	stopgain	Pathogenic		Hypercholesterolemia,_autosomal_dominant,_type_B|Familial_hypobetalipoproteinemia_1		criteria_provided,_multiple_submitters,_no_conflicts	1	MONDO:MONDO:0007751,MedGen:C1704417,OMIM:144010|MONDO:MONDO:0014252,MedGen:C4551990,OMIM:615558		APOB:338					0.214925532744385	14.1868121763101	38	2.81679055007362	7.43909846676065	5.48787508091936	17.3076919335987	20.4791954251934	4.40598054366135	4.34724767881662					
2-21009379-G-A	rs1188654362	PASS	0.000003778	0.00000698032		APOB	exonic	stopgain	Pathogenic		Hypercholesterolemia,_autosomal_dominant,_type_B|Familial_hypobetalipoproteinemia_1		criteria_provided,_single_submitter	1	MONDO:MONDO:0007751,MedGen:C1704417,OMIM:144010|MONDO:MONDO:0014252,MedGen:C4551990,OMIM:615558		APOB:338					0.214925532744385	12.782510676172	36	3.63857471431297	5.82629178918071	5.5025617818299	14.9513444082441	20.4791954251934	6.49038605763558	6.8922615153407					